list_id,list_publish_time,list_business_type,list_information_type,list_province,list_city,list_source_platform,list_title,list_url,notice_title,notice_type,project_code,publish_time,notice_url,source,crawl_time,industry,admin_region,budget,budget_source,bid_deadline,open_bid_time,purchase_method,content_text,buyer_name,buyer_address,buyer_contact,agent_name,agent_address,agent_contact,contact_name,contact_tel,win_supplier,win_total_amount,win_detail_json,judge_experts,agent_service_fee,change_item,terminate_reason,proposed_supplier,single_source_reason,publicity_period,attach_file_names,attach_json
0051ec29ea0d003147ec8e32fcc5b390b663,2026-09-10,政府采购,采购合同,四川省,,,（人民医院）CT球管维修,https://www.ggzy.gov.cn/information/deal/html/a/510000/0203/20260910/0051ec29ea0d003147ec8e32fcc5b390b663.html,（人民医院）CT球管维修,采购合同,N5106032026000106,2026-09-10,https://www.ggzy.gov.cn/information/deal/html/a/510000/0203/20260910/0051ec29ea0d003147ec8e32fcc5b390b663.html,四川省,2026-09-10 14:26:03,医疗卫生,四川省,,default,,,,"（人民医院）CT球管维修_交易公开_国家公共资源交易平台
政府网站工作年度报表
服务号
首页
机构职能
交易公开
工程建设
政府采购
土地使用权
矿业权
国有产权
碳排放权
排污权
药品采购
二类疫苗
林权
其他
交易诚信
违法违规
奖励信息
数据服务
交易统计
平台导航
政策法规
政策法规文件
政策法规解读
服务中心
培训交流
微信订阅
意见建议
调查征集
关于我们
首页 > 交易公开 > 政府采购
（人民医院）CT球管维修
采购项目编号：N5106032026000106
信息来源：
四川省
采购/资审公告
中标公告
采购合同
更正事项
暂无数据
暂无数据
（人民医院）CT球管维修
2026-09-10
（人民医院）CT球管维修
2026-09-09
暂无数据
网站地图
|
网站声明
|
添加收藏
|
联系我们
主办：国家信息中心 指导单位： 国家发展和改革委员会
网站标识码：bm04000008
京ICP备05052393号-9
京公网安备11010202007733号
地址：北京西城区三里河路58号 邮政编码：100045",,,,,,,,,,,,,,,,,,,,
0051495724422ec645a7ad970cdd5e5953f3,2026-09-10,政府采购,采购合同,四川省,,,“奔跑吧·少年”2026年阿坝州“萌芽杯、希望杯”三大球比赛暨阿坝州首届青少年三大球超级杯赛,https://www.ggzy.gov.cn/information/deal/html/a/510000/0203/20260910/0051495724422ec645a7ad970cdd5e5953f3.html,“奔跑吧·少年”2026年阿坝州“萌芽杯、希望杯”三大球比赛暨阿坝州首届青少年三大球超级杯赛,采购合同,N5132112026000210,2026-09-10,https://www.ggzy.gov.cn/information/deal/html/a/510000/0203/20260910/0051495724422ec645a7ad970cdd5e5953f3.html,四川省,2026-09-10 14:26:04,医疗卫生,四川省,,default,,,,"“奔跑吧·少年”2026年阿坝州“萌芽杯、希望杯”三大球比赛暨阿坝州首届青少年三大球超级杯赛_交易公开_国家公共资源交易平台
政府网站工作年度报表
服务号
首页
机构职能
交易公开
工程建设
政府采购
土地使用权
矿业权
国有产权
碳排放权
排污权
药品采购
二类疫苗
林权
其他
交易诚信
违法违规
奖励信息
数据服务
交易统计
平台导航
政策法规
政策法规文件
政策法规解读
服务中心
培训交流
微信订阅
意见建议
调查征集
关于我们
首页 > 交易公开 > 政府采购
“奔跑吧·少年”2026年阿坝州“萌芽杯、希望杯”三大球比赛暨阿坝州首届青少年三大球超级杯赛
采购项目编号：N5132112026000210
信息来源：
四川省
采购/资审公告
中标公告
采购合同
更正事项
阿坝藏族羌族自治州教育和体育局“奔跑吧·少年”2026年阿坝州“萌芽杯、希望杯”三大球比赛暨阿坝州首届青少年三大球超级杯赛竞争性磋商公告
2026-06-15
阿坝藏族羌族自治州教育和体育局“奔跑吧·少年”2026年阿坝州“萌芽杯、希望杯”三大球比赛暨阿坝州首届青少年三大球超级杯赛中标（成交）结果公告
2026-06-26
“奔跑吧·少年”2026年阿坝州“萌芽杯、希望杯”三大球比赛暨阿坝州首届青少年三大球超级杯赛
2026-09-10
暂无数据
网站地图
|
网站声明
|
添加收藏
|
联系我们
主办：国家信息中心 指导单位： 国家发展和改革委员会
网站标识码：bm04000008
京ICP备05052393号-9
京公网安备11010202007733号
地址：北京西城区三里河路58号 邮政编码：100045",,,,,,,,,,,,,,,,,,,,
00517dcbcc4f94af4662bcd149fdd030627b,2026-09-10,政府采购,采购合同,四川省,,,合江县2026年度林业执法调查技术服务,https://www.ggzy.gov.cn/information/deal/html/a/510000/0203/20260910/00517dcbcc4f94af4662bcd149fdd030627b.html,合江县2026年度林业执法调查技术服务,采购合同,N5105222026000148,2026-09-10,https://www.ggzy.gov.cn/information/deal/html/a/510000/0203/20260910/00517dcbcc4f94af4662bcd149fdd030627b.html,四川省,2026-09-10 14:26:05,医疗卫生,四川省,,default,,,,"合江县2026年度林业执法调查技术服务_交易公开_国家公共资源交易平台
政府网站工作年度报表
服务号
首页
机构职能
交易公开
工程建设
政府采购
土地使用权
矿业权
国有产权
碳排放权
排污权
药品采购
二类疫苗
林权
其他
交易诚信
违法违规
奖励信息
数据服务
交易统计
平台导航
政策法规
政策法规文件
政策法规解读
服务中心
培训交流
微信订阅
意见建议
调查征集
关于我们
首页 > 交易公开 > 政府采购
合江县2026年度林业执法调查技术服务
采购项目编号：N5105222026000148
信息来源：
四川省
采购/资审公告
中标公告
采购合同
更正事项
合江县自然资源和规划局合江县2026年度林业执法调查技术服务竞争性磋商公告
2026-07-23
合江县自然资源和规划局合江县2026年度林业执法调查技术服务中标（成交）结果公告
2026-08-13
合江县2026年度林业执法调查技术服务
2026-09-10
暂无数据
网站地图
|
网站声明
|
添加收藏
|
联系我们
主办：国家信息中心 指导单位： 国家发展和改革委员会
网站标识码：bm04000008
京ICP备05052393号-9
京公网安备11010202007733号
地址：北京西城区三里河路58号 邮政编码：100045",,,,,,,,,,,,,,,,,,,,
005156f56568afe84037b41b26ab67ef7de2,2026-09-10,政府采购,采购合同,四川省,,,合江县2026年自然资源执法督察技术服务项目,https://www.ggzy.gov.cn/information/deal/html/a/510000/0203/20260910/005156f56568afe84037b41b26ab67ef7de2.html,合江县2026年自然资源执法督察技术服务项目,采购合同,N5105222026000149,2026-09-10,https://www.ggzy.gov.cn/information/deal/html/a/510000/0203/20260910/005156f56568afe84037b41b26ab67ef7de2.html,四川省,2026-09-10 14:26:06,医疗卫生,四川省,,default,,,,"合江县2026年自然资源执法督察技术服务项目_交易公开_国家公共资源交易平台
政府网站工作年度报表
服务号
首页
机构职能
交易公开
工程建设
政府采购
土地使用权
矿业权
国有产权
碳排放权
排污权
药品采购
二类疫苗
林权
其他
交易诚信
违法违规
奖励信息
数据服务
交易统计
平台导航
政策法规
政策法规文件
政策法规解读
服务中心
培训交流
微信订阅
意见建议
调查征集
关于我们
首页 > 交易公开 > 政府采购
合江县2026年自然资源执法督察技术服务项目
采购项目编号：N5105222026000149
信息来源：
四川省
采购/资审公告
中标公告
采购合同
更正事项
合江县自然资源和规划局合江县2026年自然资源执法督察技术服务项目竞争性磋商公告
2026-07-22
合江县自然资源和规划局合江县2026年自然资源执法督察技术服务项目中标（成交）结果公告
2026-08-11
合江县2026年自然资源执法督察技术服务项目
2026-09-10
暂无数据
网站地图
|
网站声明
|
添加收藏
|
联系我们
主办：国家信息中心 指导单位： 国家发展和改革委员会
网站标识码：bm04000008
京ICP备05052393号-9
京公网安备11010202007733号
地址：北京西城区三里河路58号 邮政编码：100045",,,,,,,,,,,,,,,,,,,,
0041fb1507f9e99f4fdcbbd2abd3f99de8e3,2026-09-10,政府采购,中标公告,河南省,,,方城县人民医院西门子DSA设备维保服务采购,https://www.ggzy.gov.cn/information/deal/html/a/410000/0202/20260910/0041fb1507f9e99f4fdcbbd2abd3f99de8e3.html,方城县人民医院西门子DSA设备维保服务采购,中标公告,FCX202608002,2026-09-10,https://www.ggzy.gov.cn/information/deal/html/a/410000/0202/20260910/0041fb1507f9e99f4fdcbbd2abd3f99de8e3.html,河南省,2026-09-10 14:26:07,医疗卫生,河南省,,default,,,,"方城县人民医院西门子DSA设备维保服务采购_交易公开_国家公共资源交易平台
政府网站工作年度报表
服务号
首页
机构职能
交易公开
工程建设
政府采购
土地使用权
矿业权
国有产权
碳排放权
排污权
药品采购
二类疫苗
林权
其他
交易诚信
违法违规
奖励信息
数据服务
交易统计
平台导航
政策法规
政策法规文件
政策法规解读
服务中心
培训交流
微信订阅
意见建议
调查征集
关于我们
首页 > 交易公开 > 政府采购
方城县人民医院西门子DSA设备维保服务采购
采购项目编号：FCX202608002
信息来源：
河南省
采购/资审公告
中标公告
采购合同
更正事项
方城县人民医院西门子DSA设备维保服务采购单一来采购公告
2026-08-20
方城县人民医院西门子DSA设备维保服务采购
2026-09-10
暂无数据
暂无数据
网站地图
|
网站声明
|
添加收藏
|
联系我们
主办：国家信息中心 指导单位： 国家发展和改革委员会
网站标识码：bm04000008
京ICP备05052393号-9
京公网安备11010202007733号
地址：北京西城区三里河路58号 邮政编码：100045",,,,,,,,,,,,,,,,,,,,
0050aaff5e8279f549ae987c646d27a8faf2,2026-09-10,政府采购,中标公告,重庆市,,重庆市公共资源交易服务平台,重庆市江津区市场监督管理局2026年区级食品安全监督抽检(CQS26C02029)中标（成交）结果公告,https://www.ggzy.gov.cn/information/deal/html/a/500000/0202/20260910/0050aaff5e8279f549ae987c646d27a8faf2.html,重庆市江津区市场监督管理局2026年区级食品安全监督抽检(CQS26C02029)中标（成交）结果公告,中标公告,CQS26C02029_130117562645086249,2026-09-10,https://www.ggzy.gov.cn/information/deal/html/a/500000/0202/20260910/0050aaff5e8279f549ae987c646d27a8faf2.html,重庆市公共资源交易服务平台,2026-09-10 14:26:08,医疗卫生,重庆,,default,,,,"重庆市江津区市场监督管理局2026年区级食品安全监督抽检(CQS26C02029)中标（成交）结果公告_交易公开_国家公共资源交易平台
政府网站工作年度报表
服务号
首页
机构职能
交易公开
工程建设
政府采购
土地使用权
矿业权
国有产权
碳排放权
排污权
药品采购
二类疫苗
林权
其他
交易诚信
违法违规
奖励信息
数据服务
交易统计
平台导航
政策法规
政策法规文件
政策法规解读
服务中心
培训交流
微信订阅
意见建议
调查征集
关于我们
首页 > 交易公开 > 政府采购
重庆市江津区市场监督管理局2026年区级食品安全监督抽检(CQS26C02029)中标（成交）结果公告
采购项目编号：CQS26C02029_130117562645086249
信息来源：
重庆市公共资源交易服务平台
采购/资审公告
中标公告
采购合同
更正事项
重庆市江津区市场监督管理局2026年区级食品安全监督抽检(CQS26C02029)竞争性磋商公告
2026-08-25
重庆市江津区市场监督管理局2026年区级食品安全监督抽检(CQS26C02029)中标（成交）结果公告
2026-09-10
重庆市江津区市场监督管理局2026年区级食品安全监督抽检(CQS26C02029)中标（成交）结果公告
2026-09-10
重庆市江津区市场监督管理局2026年区级食品安全监督抽检(CQS26C02029)中标（成交）结果公告
2026-09-10
暂无数据
重庆市江津区市场监督管理局2026年区级食品安全监督抽检(CQS26C02029)采购更正公告
2026-09-01
重庆市江津区市场监督管理局2026年区级食品安全监督抽检(CQS26C02029)采购更正公告
2026-09-01
重庆市江津区市场监督管理局2026年区级食品安全监督抽检(CQS26C02029)采购更正公告
2026-09-01
网站地图
|
网站声明
|
添加收藏
|
联系我们
主办：国家信息中心 指导单位： 国家发展和改革委员会
网站标识码：bm04000008
京ICP备05052393号-9
京公网安备11010202007733号
地址：北京西城区三里河路58号 邮政编码：100045",,,,,,,,,,,,,,,,,,,,
00509702c9a2459e41b4b27241df0c7604bb,2026-09-10,政府采购,中标公告,重庆市,,重庆市公共资源交易服务平台,重庆市江津区市场监督管理局2026年区级食品安全监督抽检(CQS26C02029)中标（成交）结果公告,https://www.ggzy.gov.cn/information/deal/html/a/500000/0202/20260910/00509702c9a2459e41b4b27241df0c7604bb.html,重庆市江津区市场监督管理局2026年区级食品安全监督抽检(CQS26C02029)中标（成交）结果公告,中标公告,CQS26C02029_130117562645086249,2026-09-10,https://www.ggzy.gov.cn/information/deal/html/a/500000/0202/20260910/00509702c9a2459e41b4b27241df0c7604bb.html,重庆市公共资源交易服务平台,2026-09-10 14:26:09,医疗卫生,重庆,,default,,,,"重庆市江津区市场监督管理局2026年区级食品安全监督抽检(CQS26C02029)中标（成交）结果公告_交易公开_国家公共资源交易平台
政府网站工作年度报表
服务号
首页
机构职能
交易公开
工程建设
政府采购
土地使用权
矿业权
国有产权
碳排放权
排污权
药品采购
二类疫苗
林权
其他
交易诚信
违法违规
奖励信息
数据服务
交易统计
平台导航
政策法规
政策法规文件
政策法规解读
服务中心
培训交流
微信订阅
意见建议
调查征集
关于我们
首页 > 交易公开 > 政府采购
重庆市江津区市场监督管理局2026年区级食品安全监督抽检(CQS26C02029)中标（成交）结果公告
采购项目编号：CQS26C02029_130117562645086249
信息来源：
重庆市公共资源交易服务平台
采购/资审公告
中标公告
采购合同
更正事项
重庆市江津区市场监督管理局2026年区级食品安全监督抽检(CQS26C02029)竞争性磋商公告
2026-08-25
重庆市江津区市场监督管理局2026年区级食品安全监督抽检(CQS26C02029)中标（成交）结果公告
2026-09-10
重庆市江津区市场监督管理局2026年区级食品安全监督抽检(CQS26C02029)中标（成交）结果公告
2026-09-10
重庆市江津区市场监督管理局2026年区级食品安全监督抽检(CQS26C02029)中标（成交）结果公告
2026-09-10
暂无数据
重庆市江津区市场监督管理局2026年区级食品安全监督抽检(CQS26C02029)采购更正公告
2026-09-01
重庆市江津区市场监督管理局2026年区级食品安全监督抽检(CQS26C02029)采购更正公告
2026-09-01
重庆市江津区市场监督管理局2026年区级食品安全监督抽检(CQS26C02029)采购更正公告
2026-09-01
网站地图
|
网站声明
|
添加收藏
|
联系我们
主办：国家信息中心 指导单位： 国家发展和改革委员会
网站标识码：bm04000008
京ICP备05052393号-9
京公网安备11010202007733号
地址：北京西城区三里河路58号 邮政编码：100045",,,,,,,,,,,,,,,,,,,,
00504b11d9bf941e461197e5a51c3d9b9bf5,2026-09-10,政府采购,中标公告,重庆市,,重庆市公共资源交易服务平台,重庆市江津区市场监督管理局2026年区级食品安全监督抽检(CQS26C02029)中标（成交）结果公告,https://www.ggzy.gov.cn/information/deal/html/a/500000/0202/20260910/00504b11d9bf941e461197e5a51c3d9b9bf5.html,重庆市江津区市场监督管理局2026年区级食品安全监督抽检(CQS26C02029)中标（成交）结果公告,中标公告,CQS26C02029_130117562645086249,2026-09-10,https://www.ggzy.gov.cn/information/deal/html/a/500000/0202/20260910/00504b11d9bf941e461197e5a51c3d9b9bf5.html,重庆市公共资源交易服务平台,2026-09-10 14:26:10,医疗卫生,重庆,,default,,,,"重庆市江津区市场监督管理局2026年区级食品安全监督抽检(CQS26C02029)中标（成交）结果公告_交易公开_国家公共资源交易平台
政府网站工作年度报表
服务号
首页
机构职能
交易公开
工程建设
政府采购
土地使用权
矿业权
国有产权
碳排放权
排污权
药品采购
二类疫苗
林权
其他
交易诚信
违法违规
奖励信息
数据服务
交易统计
平台导航
政策法规
政策法规文件
政策法规解读
服务中心
培训交流
微信订阅
意见建议
调查征集
关于我们
首页 > 交易公开 > 政府采购
重庆市江津区市场监督管理局2026年区级食品安全监督抽检(CQS26C02029)中标（成交）结果公告
采购项目编号：CQS26C02029_130117562645086249
信息来源：
重庆市公共资源交易服务平台
采购/资审公告
中标公告
采购合同
更正事项
重庆市江津区市场监督管理局2026年区级食品安全监督抽检(CQS26C02029)竞争性磋商公告
2026-08-25
重庆市江津区市场监督管理局2026年区级食品安全监督抽检(CQS26C02029)中标（成交）结果公告
2026-09-10
重庆市江津区市场监督管理局2026年区级食品安全监督抽检(CQS26C02029)中标（成交）结果公告
2026-09-10
重庆市江津区市场监督管理局2026年区级食品安全监督抽检(CQS26C02029)中标（成交）结果公告
2026-09-10
暂无数据
重庆市江津区市场监督管理局2026年区级食品安全监督抽检(CQS26C02029)采购更正公告
2026-09-01
重庆市江津区市场监督管理局2026年区级食品安全监督抽检(CQS26C02029)采购更正公告
2026-09-01
重庆市江津区市场监督管理局2026年区级食品安全监督抽检(CQS26C02029)采购更正公告
2026-09-01
网站地图
|
网站声明
|
添加收藏
|
联系我们
主办：国家信息中心 指导单位： 国家发展和改革委员会
网站标识码：bm04000008
京ICP备05052393号-9
京公网安备11010202007733号
地址：北京西城区三里河路58号 邮政编码：100045",,,,,,,,,,,,,,,,,,,,
005117dd1cac8f0b4972a5fa9ff2db42c58b,2026-09-10,政府采购,采购合同,四川省,,,宜宾市叙州区司法局车辆加油、添加燃料服务直接选定采购合同,https://www.ggzy.gov.cn/information/deal/html/a/510000/0203/20260910/005117dd1cac8f0b4972a5fa9ff2db42c58b.html,宜宾市叙州区司法局车辆加油、添加燃料服务直接选定采购合同,采购合同,ZJXD-202609511504586486,2026-09-10,https://www.ggzy.gov.cn/information/deal/html/a/510000/0203/20260910/005117dd1cac8f0b4972a5fa9ff2db42c58b.html,四川省,2026-09-10 14:26:11,医疗卫生,四川省,,default,,,,"宜宾市叙州区司法局车辆加油、添加燃料服务直接选定采购合同_交易公开_国家公共资源交易平台
政府网站工作年度报表
服务号
首页
机构职能
交易公开
工程建设
政府采购
土地使用权
矿业权
国有产权
碳排放权
排污权
药品采购
二类疫苗
林权
其他
交易诚信
违法违规
奖励信息
数据服务
交易统计
平台导航
政策法规
政策法规文件
政策法规解读
服务中心
培训交流
微信订阅
意见建议
调查征集
关于我们
首页 > 交易公开 > 政府采购
宜宾市叙州区司法局车辆加油、添加燃料服务直接选定采购合同
采购项目编号：ZJXD-202609511504586486
信息来源：
四川省
采购/资审公告
中标公告
采购合同
更正事项
暂无数据
暂无数据
宜宾市叙州区司法局车辆加油、添加燃料服务直接选定采购合同
2026-09-10
暂无数据
网站地图
|
网站声明
|
添加收藏
|
联系我们
主办：国家信息中心 指导单位： 国家发展和改革委员会
网站标识码：bm04000008
京ICP备05052393号-9
京公网安备11010202007733号
地址：北京西城区三里河路58号 邮政编码：100045",,,,,,,,,,,,,,,,,,,,
0041fc91b2adbcf54fbd84b9c0923c8da293,2026-09-10,政府采购,采购/资审公告,河南省,,,新乡职业技术学院消防设施维护保养及消防控制室值班备勤服务项目-公开招标公告,https://www.ggzy.gov.cn/information/deal/html/a/410000/0201/20260910/0041fc91b2adbcf54fbd84b9c0923c8da293.html,新乡职业技术学院消防设施维护保养及消防控制室值班备勤服务项目-公开招标公告,采购/资审公告,2026ZBDL128号,2026-09-10,https://www.ggzy.gov.cn/information/deal/html/a/410000/0201/20260910/0041fc91b2adbcf54fbd84b9c0923c8da293.html,河南省,2026-09-10 14:26:13,医疗卫生,河南省,,default,,,,"新乡职业技术学院消防设施维护保养及消防控制室值班备勤服务项目-公开招标公告_交易公开_国家公共资源交易平台
政府网站工作年度报表
服务号
首页
机构职能
交易公开
工程建设
政府采购
土地使用权
矿业权
国有产权
碳排放权
排污权
药品采购
二类疫苗
林权
其他
交易诚信
违法违规
奖励信息
数据服务
交易统计
平台导航
政策法规
政策法规文件
政策法规解读
服务中心
培训交流
微信订阅
意见建议
调查征集
关于我们
首页 > 交易公开 > 政府采购
新乡职业技术学院消防设施维护保养及消防控制室值班备勤服务项目-公开招标公告
采购项目编号：2026ZBDL128号
信息来源：
河南省
采购/资审公告
中标公告
采购合同
更正事项
新乡职业技术学院消防设施维护保养及消防控制室值班备勤服务项目-公开招标公告
2026-09-10
暂无数据
暂无数据
暂无数据
网站地图
|
网站声明
|
添加收藏
|
联系我们
主办：国家信息中心 指导单位： 国家发展和改革委员会
网站标识码：bm04000008
京ICP备05052393号-9
京公网安备11010202007733号
地址：北京西城区三里河路58号 邮政编码：100045",,,,,,,,,,,,,,,,,,,,
0041c5d1fd8b91404a1c9c2f64754daa7738,2026-09-10,政府采购,采购/资审公告,河南省,,,延津县住房建设和城市管理局延津县城区新建绿化管养项目-竞争性谈判公告,https://www.ggzy.gov.cn/information/deal/html/a/410000/0201/20260910/0041c5d1fd8b91404a1c9c2f64754daa7738.html,延津县住房建设和城市管理局延津县城区新建绿化管养项目-竞争性谈判公告,采购/资审公告,(县区)2026TPDL198号,2026-09-10,https://www.ggzy.gov.cn/information/deal/html/a/410000/0201/20260910/0041c5d1fd8b91404a1c9c2f64754daa7738.html,河南省,2026-09-10 14:26:14,医疗卫生,河南省,,default,,,,"延津县住房建设和城市管理局延津县城区新建绿化管养项目-竞争性谈判公告_交易公开_国家公共资源交易平台
政府网站工作年度报表
服务号
首页
机构职能
交易公开
工程建设
政府采购
土地使用权
矿业权
国有产权
碳排放权
排污权
药品采购
二类疫苗
林权
其他
交易诚信
违法违规
奖励信息
数据服务
交易统计
平台导航
政策法规
政策法规文件
政策法规解读
服务中心
培训交流
微信订阅
意见建议
调查征集
关于我们
首页 > 交易公开 > 政府采购
延津县住房建设和城市管理局延津县城区新建绿化管养项目-竞争性谈判公告
采购项目编号：(县区)2026TPDL198号
信息来源：
河南省
采购/资审公告
中标公告
采购合同
更正事项
延津县住房建设和城市管理局延津县城区新建绿化管养项目-竞争性谈判公告
2026-09-10
暂无数据
暂无数据
暂无数据
网站地图
|
网站声明
|
添加收藏
|
联系我们
主办：国家信息中心 指导单位： 国家发展和改革委员会
网站标识码：bm04000008
京ICP备05052393号-9
京公网安备11010202007733号
地址：北京西城区三里河路58号 邮政编码：100045",,,,,,,,,,,,,,,,,,,,
0041aab17e27c16541c1867ccf956f90ab29,2026-09-10,政府采购,采购/资审公告,河南省,,,新乡学院消防设施改造项目（四次）询价公告,https://www.ggzy.gov.cn/information/deal/html/a/410000/0201/20260910/0041aab17e27c16541c1867ccf956f90ab29.html,新乡学院消防设施改造项目（四次）询价公告,采购/资审公告,2026XJDL003号,2026-09-10,https://www.ggzy.gov.cn/information/deal/html/a/410000/0201/20260910/0041aab17e27c16541c1867ccf956f90ab29.html,河南省,2026-09-10 14:26:15,医疗卫生,河南省,,default,,,,"新乡学院消防设施改造项目（四次）询价公告_交易公开_国家公共资源交易平台
政府网站工作年度报表
服务号
首页
机构职能
交易公开
工程建设
政府采购
土地使用权
矿业权
国有产权
碳排放权
排污权
药品采购
二类疫苗
林权
其他
交易诚信
违法违规
奖励信息
数据服务
交易统计
平台导航
政策法规
政策法规文件
政策法规解读
服务中心
培训交流
微信订阅
意见建议
调查征集
关于我们
首页 > 交易公开 > 政府采购
新乡学院消防设施改造项目（四次）询价公告
采购项目编号：2026XJDL003号
信息来源：
河南省
采购/资审公告
中标公告
采购合同
更正事项
新乡学院消防设施改造项目（四次）询价公告
2026-09-10
新乡学院消防设施改造项目（三次）询价公告
2026-08-27
新乡学院消防设施改造项目（二次）询价公告
2026-08-17
新乡学院消防设施改造项目-询价公告
2026-08-05
暂无数据
暂无数据
暂无数据
网站地图
|
网站声明
|
添加收藏
|
联系我们
主办：国家信息中心 指导单位： 国家发展和改革委员会
网站标识码：bm04000008
京ICP备05052393号-9
京公网安备11010202007733号
地址：北京西城区三里河路58号 邮政编码：100045",,,,,,,,,,,,,,,,,,,,
00417bbcc1441acc4d1cbd6527fa54afbdcc,2026-09-10,政府采购,采购/资审公告,河南省,,,新乡市红旗区小店镇初级中学薄弱环节改善与能力提升采购项目招标公告,https://www.ggzy.gov.cn/information/deal/html/a/410000/0201/20260910/00417bbcc1441acc4d1cbd6527fa54afbdcc.html,新乡市红旗区小店镇初级中学薄弱环节改善与能力提升采购项目招标公告,采购/资审公告,2026ZBDL130号,2026-09-10,https://www.ggzy.gov.cn/information/deal/html/a/410000/0201/20260910/00417bbcc1441acc4d1cbd6527fa54afbdcc.html,河南省,2026-09-10 14:26:16,医疗卫生,河南省,,default,,,,"新乡市红旗区小店镇初级中学薄弱环节改善与能力提升采购项目招标公告_交易公开_国家公共资源交易平台
政府网站工作年度报表
服务号
首页
机构职能
交易公开
工程建设
政府采购
土地使用权
矿业权
国有产权
碳排放权
排污权
药品采购
二类疫苗
林权
其他
交易诚信
违法违规
奖励信息
数据服务
交易统计
平台导航
政策法规
政策法规文件
政策法规解读
服务中心
培训交流
微信订阅
意见建议
调查征集
关于我们
首页 > 交易公开 > 政府采购
新乡市红旗区小店镇初级中学薄弱环节改善与能力提升采购项目招标公告
采购项目编号：2026ZBDL130号
信息来源：
河南省
采购/资审公告
中标公告
采购合同
更正事项
新乡市红旗区小店镇初级中学薄弱环节改善与能力提升采购项目招标公告
2026-09-10
暂无数据
暂无数据
暂无数据
网站地图
|
网站声明
|
添加收藏
|
联系我们
主办：国家信息中心 指导单位： 国家发展和改革委员会
网站标识码：bm04000008
京ICP备05052393号-9
京公网安备11010202007733号
地址：北京西城区三里河路58号 邮政编码：100045",,,,,,,,,,,,,,,,,,,,
00515e74e368d22640e693dfb084eb50cc55,2026-09-10,政府采购,采购合同,四川省,,,戈德村高原党参提升建设项目,https://www.ggzy.gov.cn/information/deal/html/a/510000/0203/20260910/00515e74e368d22640e693dfb084eb50cc55.html,戈德村高原党参提升建设项目,采购合同,N5133312026000097,2026-09-10,https://www.ggzy.gov.cn/information/deal/html/a/510000/0203/20260910/00515e74e368d22640e693dfb084eb50cc55.html,四川省,2026-09-10 14:26:17,医疗卫生,四川省,,default,,,,"戈德村高原党参提升建设项目_交易公开_国家公共资源交易平台
政府网站工作年度报表
服务号
首页
机构职能
交易公开
工程建设
政府采购
土地使用权
矿业权
国有产权
碳排放权
排污权
药品采购
二类疫苗
林权
其他
交易诚信
违法违规
奖励信息
数据服务
交易统计
平台导航
政策法规
政策法规文件
政策法规解读
服务中心
培训交流
微信订阅
意见建议
调查征集
关于我们
首页 > 交易公开 > 政府采购
戈德村高原党参提升建设项目
采购项目编号：N5133312026000097
信息来源：
四川省
采购/资审公告
中标公告
采购合同
更正事项
白玉县章都乡人民政府戈德村高原党参提升建设项目招标公告
2026-08-05
白玉县章都乡人民政府戈德村高原党参提升建设项目中标（成交）结果公告
2026-09-03
戈德村高原党参提升建设项目
2026-09-10
白玉县章都乡人民政府戈德村高原党参提升建设项目采购更正公告（第一次）
2026-08-21
网站地图
|
网站声明
|
添加收藏
|
联系我们
主办：国家信息中心 指导单位： 国家发展和改革委员会
网站标识码：bm04000008
京ICP备05052393号-9
京公网安备11010202007733号
地址：北京西城区三里河路58号 邮政编码：100045",,,,,,,,,,,,,,,,,,,,
0050f51086c04ea5477f84d84185215d271b,2026-09-10,政府采购,中标公告,重庆市,,重庆市公共资源交易服务平台,2026年“就在山城”直播带岗公共服务(CQS26C02250)中标（成交）结果公告,https://www.ggzy.gov.cn/information/deal/html/a/500000/0202/20260910/0050f51086c04ea5477f84d84185215d271b.html,2026年“就在山城”直播带岗公共服务(CQS26C02250)中标（成交）结果公告,中标公告,CQS26C02250_130117562645086249,2026-09-10,https://www.ggzy.gov.cn/information/deal/html/a/500000/0202/20260910/0050f51086c04ea5477f84d84185215d271b.html,重庆市公共资源交易服务平台,2026-09-10 14:26:18,医疗卫生,重庆市,,default,,,,"2026年“就在山城”直播带岗公共服务(CQS26C02250)中标（成交）结果公告_交易公开_国家公共资源交易平台
政府网站工作年度报表
服务号
首页
机构职能
交易公开
工程建设
政府采购
土地使用权
矿业权
国有产权
碳排放权
排污权
药品采购
二类疫苗
林权
其他
交易诚信
违法违规
奖励信息
数据服务
交易统计
平台导航
政策法规
政策法规文件
政策法规解读
服务中心
培训交流
微信订阅
意见建议
调查征集
关于我们
首页 > 交易公开 > 政府采购
2026年“就在山城”直播带岗公共服务(CQS26C02250)中标（成交）结果公告
采购项目编号：CQS26C02250_130117562645086249
信息来源：
重庆市公共资源交易服务平台
采购/资审公告
中标公告
采购合同
更正事项
2026年“就在山城”直播带岗公共服务(CQS26C02250)公开招标公告
2026-08-18
2026年“就在山城”直播带岗公共服务(CQS26C02250)中标（成交）结果公告
2026-09-10
2026年“就在山城”直播带岗公共服务(CQS26C02250)中标（成交）结果公告
2026-09-10
2026年“就在山城”直播带岗公共服务(CQS26C02250)中标（成交）结果公告
2026-09-10
暂无数据
暂无数据
网站地图
|
网站声明
|
添加收藏
|
联系我们
主办：国家信息中心 指导单位： 国家发展和改革委员会
网站标识码：bm04000008
京ICP备05052393号-9
京公网安备11010202007733号
地址：北京西城区三里河路58号 邮政编码：100045",,,,,,,,,,,,,,,,,,,,
0050c17bc9479282421a97358d5a226462ef,2026-09-10,政府采购,中标公告,重庆市,,重庆市公共资源交易服务平台,2026年“就在山城”直播带岗公共服务(CQS26C02250)中标（成交）结果公告,https://www.ggzy.gov.cn/information/deal/html/a/500000/0202/20260910/0050c17bc9479282421a97358d5a226462ef.html,2026年“就在山城”直播带岗公共服务(CQS26C02250)中标（成交）结果公告,中标公告,CQS26C02250_130117562645086249,2026-09-10,https://www.ggzy.gov.cn/information/deal/html/a/500000/0202/20260910/0050c17bc9479282421a97358d5a226462ef.html,重庆市公共资源交易服务平台,2026-09-10 14:26:19,医疗卫生,重庆市,,default,,,,"2026年“就在山城”直播带岗公共服务(CQS26C02250)中标（成交）结果公告_交易公开_国家公共资源交易平台
政府网站工作年度报表
服务号
首页
机构职能
交易公开
工程建设
政府采购
土地使用权
矿业权
国有产权
碳排放权
排污权
药品采购
二类疫苗
林权
其他
交易诚信
违法违规
奖励信息
数据服务
交易统计
平台导航
政策法规
政策法规文件
政策法规解读
服务中心
培训交流
微信订阅
意见建议
调查征集
关于我们
首页 > 交易公开 > 政府采购
2026年“就在山城”直播带岗公共服务(CQS26C02250)中标（成交）结果公告
采购项目编号：CQS26C02250_130117562645086249
信息来源：
重庆市公共资源交易服务平台
采购/资审公告
中标公告
采购合同
更正事项
2026年“就在山城”直播带岗公共服务(CQS26C02250)公开招标公告
2026-08-18
2026年“就在山城”直播带岗公共服务(CQS26C02250)中标（成交）结果公告
2026-09-10
2026年“就在山城”直播带岗公共服务(CQS26C02250)中标（成交）结果公告
2026-09-10
2026年“就在山城”直播带岗公共服务(CQS26C02250)中标（成交）结果公告
2026-09-10
暂无数据
暂无数据
网站地图
|
网站声明
|
添加收藏
|
联系我们
主办：国家信息中心 指导单位： 国家发展和改革委员会
网站标识码：bm04000008
京ICP备05052393号-9
京公网安备11010202007733号
地址：北京西城区三里河路58号 邮政编码：100045",,,,,,,,,,,,,,,,,,,,
005008419a38f90f4cd69c3b1c9468313141,2026-09-10,政府采购,中标公告,重庆市,,重庆市公共资源交易服务平台,2026年“就在山城”直播带岗公共服务(CQS26C02250)中标（成交）结果公告,https://www.ggzy.gov.cn/information/deal/html/a/500000/0202/20260910/005008419a38f90f4cd69c3b1c9468313141.html,2026年“就在山城”直播带岗公共服务(CQS26C02250)中标（成交）结果公告,中标公告,CQS26C02250_130117562645086249,2026-09-10,https://www.ggzy.gov.cn/information/deal/html/a/500000/0202/20260910/005008419a38f90f4cd69c3b1c9468313141.html,重庆市公共资源交易服务平台,2026-09-10 14:26:20,医疗卫生,重庆市,,default,,,,"2026年“就在山城”直播带岗公共服务(CQS26C02250)中标（成交）结果公告_交易公开_国家公共资源交易平台
政府网站工作年度报表
服务号
首页
机构职能
交易公开
工程建设
政府采购
土地使用权
矿业权
国有产权
碳排放权
排污权
药品采购
二类疫苗
林权
其他
交易诚信
违法违规
奖励信息
数据服务
交易统计
平台导航
政策法规
政策法规文件
政策法规解读
服务中心
培训交流
微信订阅
意见建议
调查征集
关于我们
首页 > 交易公开 > 政府采购
2026年“就在山城”直播带岗公共服务(CQS26C02250)中标（成交）结果公告
采购项目编号：CQS26C02250_130117562645086249
信息来源：
重庆市公共资源交易服务平台
采购/资审公告
中标公告
采购合同
更正事项
2026年“就在山城”直播带岗公共服务(CQS26C02250)公开招标公告
2026-08-18
2026年“就在山城”直播带岗公共服务(CQS26C02250)中标（成交）结果公告
2026-09-10
2026年“就在山城”直播带岗公共服务(CQS26C02250)中标（成交）结果公告
2026-09-10
2026年“就在山城”直播带岗公共服务(CQS26C02250)中标（成交）结果公告
2026-09-10
暂无数据
暂无数据
网站地图
|
网站声明
|
添加收藏
|
联系我们
主办：国家信息中心 指导单位： 国家发展和改革委员会
网站标识码：bm04000008
京ICP备05052393号-9
京公网安备11010202007733号
地址：北京西城区三里河路58号 邮政编码：100045",,,,,,,,,,,,,,,,,,,,
00418525dc91653946239625e7d0b19a0fb1,2026-09-10,政府采购,中标公告,河南省,,,信阳市财政局预算评审中心业务咨询第三方服务框架协议采购项目（三包：会计师事务所服务）入围结果公告,https://www.ggzy.gov.cn/information/deal/html/a/410000/0202/20260910/00418525dc91653946239625e7d0b19a0fb1.html,信阳市财政局预算评审中心业务咨询第三方服务框架协议采购项目（三包：会计师事务所服务）入围结果公告,中标公告,xys202608009,2026-09-10,https://www.ggzy.gov.cn/information/deal/html/a/410000/0202/20260910/00418525dc91653946239625e7d0b19a0fb1.html,河南省,2026-09-10 14:26:22,医疗卫生,河南省,,default,,,,"信阳市财政局预算评审中心业务咨询第三方服务框架协议采购项目（三包：会计师事务所服务）入围结果公告_交易公开_国家公共资源交易平台
政府网站工作年度报表
服务号
首页
机构职能
交易公开
工程建设
政府采购
土地使用权
矿业权
国有产权
碳排放权
排污权
药品采购
二类疫苗
林权
其他
交易诚信
违法违规
奖励信息
数据服务
交易统计
平台导航
政策法规
政策法规文件
政策法规解读
服务中心
培训交流
微信订阅
意见建议
调查征集
关于我们
首页 > 交易公开 > 政府采购
信阳市财政局预算评审中心业务咨询第三方服务框架协议采购项目（三包：会计师事务所服务）入围结果公告
采购项目编号：xys202608009
信息来源：
河南省
采购/资审公告
中标公告
采购合同
更正事项
信阳市财政局预算评审中心业务咨询第三方服务框架协议采购项目 征集公告
2026-08-13
信阳市财政局预算评审中心业务咨询第三方服务框架协议采购项目（三包：会计师事务所服务）入围结果公告
2026-09-10
信阳市财政局预算评审中心业务咨询第三方服务框架协议采购项目（二包：信息化项目造价咨询服务）入围结果公告
2026-09-10
信阳市财政局预算评审中心业务咨询第三方服务框架协议采购项目（一包：工程造价咨询服务（不含信息化项目））入围结果公告
2026-09-10
暂无数据
暂无数据
网站地图
|
网站声明
|
添加收藏
|
联系我们
主办：国家信息中心 指导单位： 国家发展和改革委员会
网站标识码：bm04000008
京ICP备05052393号-9
京公网安备11010202007733号
地址：北京西城区三里河路58号 邮政编码：100045",,,,,,,,,,,,,,,,,,,,
00214fad5341b9d3470a82f690398c8c054e,2026-09-10,政府采购,中标公告,辽宁省,,大连市公共资源交易平台,大连太平湾合作创新区政务服务中心信息化等保二级建设服务项目采购中标结果公示,https://www.ggzy.gov.cn/information/deal/html/a/210000/0202/20260910/00214fad5341b9d3470a82f690398c8c054e.html,大连太平湾合作创新区政务服务中心信息化等保二级建设服务项目采购中标结果公示,中标公告,TC26070BY,2026-09-10,https://www.ggzy.gov.cn/information/deal/html/a/210000/0202/20260910/00214fad5341b9d3470a82f690398c8c054e.html,大连市公共资源交易平台,2026-09-10 14:26:22,医疗卫生,辽宁省,,default,,,,"大连太平湾合作创新区政务服务中心信息化等保二级建设服务项目采购中标结果公示_交易公开_国家公共资源交易平台
政府网站工作年度报表
服务号
首页
机构职能
交易公开
工程建设
政府采购
土地使用权
矿业权
国有产权
碳排放权
排污权
药品采购
二类疫苗
林权
其他
交易诚信
违法违规
奖励信息
数据服务
交易统计
平台导航
政策法规
政策法规文件
政策法规解读
服务中心
培训交流
微信订阅
意见建议
调查征集
关于我们
首页 > 交易公开 > 政府采购
大连太平湾合作创新区政务服务中心信息化等保二级建设服务项目采购中标结果公示
采购项目编号：TC26070BY
信息来源：
大连市公共资源交易平台
采购/资审公告
中标公告
采购合同
更正事项
大连太平湾合作创新区政务服务中心信息化等保二级建设服务项目公开招标公告
2026-08-18
大连太平湾合作创新区政务服务中心信息化等保二级建设服务项目采购中标结果公示
2026-09-10
暂无数据
暂无数据
网站地图
|
网站声明
|
添加收藏
|
联系我们
主办：国家信息中心 指导单位： 国家发展和改革委员会
网站标识码：bm04000008
京ICP备05052393号-9
京公网安备11010202007733号
地址：北京西城区三里河路58号 邮政编码：100045",,,,,,,,,,,,,,,,,,,,
00443a23d7e6a96f4bfba8aeb176e44beda9,2026-09-10,政府采购,中标公告,广东省,,,广州市技师学院2025年黄石校区基础信息化更新建设项目（CZ2026-1007）结果公告,https://www.ggzy.gov.cn/information/deal/html/a/440000/0202/20260910/00443a23d7e6a96f4bfba8aeb176e44beda9.html,广州市技师学院2025年黄石校区基础信息化更新建设项目（CZ2026-1007）结果公告,中标公告,CZ2026-1007,2026-09-10,https://www.ggzy.gov.cn/information/deal/html/a/440000/0202/20260910/00443a23d7e6a96f4bfba8aeb176e44beda9.html,广东省,2026-09-10 14:26:24,医疗卫生,广东省,,default,,,,"广州市技师学院2025年黄石校区基础信息化更新建设项目（CZ2026-1007）结果公告_交易公开_国家公共资源交易平台
政府网站工作年度报表
服务号
首页
机构职能
交易公开
工程建设
政府采购
土地使用权
矿业权
国有产权
碳排放权
排污权
药品采购
二类疫苗
林权
其他
交易诚信
违法违规
奖励信息
数据服务
交易统计
平台导航
政策法规
政策法规文件
政策法规解读
服务中心
培训交流
微信订阅
意见建议
调查征集
关于我们
首页 > 交易公开 > 政府采购
广州市技师学院2025年黄石校区基础信息化更新建设项目（CZ2026-1007）结果公告
采购项目编号：CZ2026-1007
信息来源：
广东省
采购/资审公告
中标公告
采购合同
更正事项
广州市技师学院2025年黄石校区基础信息化更新建设项目 [CZ2026-1007]招标公告
2026-08-18
广州市技师学院2025年黄石校区基础信息化更新建设项目（CZ2026-1007）结果公告
2026-09-10
暂无数据
暂无数据
网站地图
|
网站声明
|
添加收藏
|
联系我们
主办：国家信息中心 指导单位： 国家发展和改革委员会
网站标识码：bm04000008
京ICP备05052393号-9
京公网安备11010202007733号
地址：北京西城区三里河路58号 邮政编码：100045",,,,,,,,,,,,,,,,,,,,
0051348367dfcf6248f19502c8f2ef64634a,2026-09-10,政府采购,采购合同,四川省,,,富顺县疾病预防控制中心机动车保险服务直接选定采购合同,https://www.ggzy.gov.cn/information/deal/html/a/510000/0203/20260910/0051348367dfcf6248f19502c8f2ef64634a.html,富顺县疾病预防控制中心机动车保险服务直接选定采购合同,采购合同,ZJXD-202609510322587230,2026-09-10,https://www.ggzy.gov.cn/information/deal/html/a/510000/0203/20260910/0051348367dfcf6248f19502c8f2ef64634a.html,四川省,2026-09-10 14:26:25,医疗卫生,四川省,,default,,,,"富顺县疾病预防控制中心机动车保险服务直接选定采购合同_交易公开_国家公共资源交易平台
政府网站工作年度报表
服务号
首页
机构职能
交易公开
工程建设
政府采购
土地使用权
矿业权
国有产权
碳排放权
排污权
药品采购
二类疫苗
林权
其他
交易诚信
违法违规
奖励信息
数据服务
交易统计
平台导航
政策法规
政策法规文件
政策法规解读
服务中心
培训交流
微信订阅
意见建议
调查征集
关于我们
首页 > 交易公开 > 政府采购
富顺县疾病预防控制中心机动车保险服务直接选定采购合同
采购项目编号：ZJXD-202609510322587230
信息来源：
四川省
采购/资审公告
中标公告
采购合同
更正事项
暂无数据
暂无数据
富顺县疾病预防控制中心机动车保险服务直接选定采购合同
2026-09-10
暂无数据
网站地图
|
网站声明
|
添加收藏
|
联系我们
主办：国家信息中心 指导单位： 国家发展和改革委员会
网站标识码：bm04000008
京ICP备05052393号-9
京公网安备11010202007733号
地址：北京西城区三里河路58号 邮政编码：100045",,,,,,,,,,,,,,,,,,,,
005157f664a5ea114c1399af447b0a3b5f78,2026-09-10,政府采购,采购合同,四川省,,,广安市前锋区学校（幼儿园）2026年秋季至2027年春季学期食材配送服务采购项目,https://www.ggzy.gov.cn/information/deal/html/a/510000/0203/20260910/005157f664a5ea114c1399af447b0a3b5f78.html,广安市前锋区学校（幼儿园）2026年秋季至2027年春季学期食材配送服务采购项目,采购合同,N5116032026000033,2026-09-10,https://www.ggzy.gov.cn/information/deal/html/a/510000/0203/20260910/005157f664a5ea114c1399af447b0a3b5f78.html,四川省,2026-09-10 14:26:26,医疗卫生,四川省,,default,,,,"广安市前锋区学校（幼儿园）2026年秋季至2027年春季学期食材配送服务采购项目_交易公开_国家公共资源交易平台
政府网站工作年度报表
服务号
首页
机构职能
交易公开
工程建设
政府采购
土地使用权
矿业权
国有产权
碳排放权
排污权
药品采购
二类疫苗
林权
其他
交易诚信
违法违规
奖励信息
数据服务
交易统计
平台导航
政策法规
政策法规文件
政策法规解读
服务中心
培训交流
微信订阅
意见建议
调查征集
关于我们
首页 > 交易公开 > 政府采购
广安市前锋区学校（幼儿园）2026年秋季至2027年春季学期食材配送服务采购项目
采购项目编号：N5116032026000033
信息来源：
四川省
采购/资审公告
中标公告
采购合同
更正事项
广安市前锋区教育科技和体育局广安市前锋区学校（幼儿园）2026年秋季至2027年春季学期食材配送服务采购项目招标公告
2026-07-09
广安市前锋区教育科技和体育局广安市前锋区学校（幼儿园）2026年秋季至2027年春季学期食材配送服务采购项目中标（成交）结果公告
2026-08-03
广安市前锋区学校（幼儿园）2026年秋季至2027年春季学期食材配送服务采购项目
2026-09-10
广安市前锋区学校（幼儿园）2026年秋季至2027年春季学期食材配送服务采购项目
2026-08-25
暂无数据
网站地图
|
网站声明
|
添加收藏
|
联系我们
主办：国家信息中心 指导单位： 国家发展和改革委员会
网站标识码：bm04000008
京ICP备05052393号-9
京公网安备11010202007733号
地址：北京西城区三里河路58号 邮政编码：100045",,,,,,,,,,,,,,,,,,,,
00511401230f3e3e4ec7abe2f75ab4abc7b3,2026-09-10,政府采购,采购合同,四川省,,,炉霍县人民政府办公室车辆加油、添加燃料服务直接选定采购合同,https://www.ggzy.gov.cn/information/deal/html/a/510000/0203/20260910/00511401230f3e3e4ec7abe2f75ab4abc7b3.html,炉霍县人民政府办公室车辆加油、添加燃料服务直接选定采购合同,采购合同,ZJXD-202609513327587020,2026-09-10,https://www.ggzy.gov.cn/information/deal/html/a/510000/0203/20260910/00511401230f3e3e4ec7abe2f75ab4abc7b3.html,四川省,2026-09-10 14:26:27,医疗卫生,四川省,,default,,,,"炉霍县人民政府办公室车辆加油、添加燃料服务直接选定采购合同_交易公开_国家公共资源交易平台
政府网站工作年度报表
服务号
首页
机构职能
交易公开
工程建设
政府采购
土地使用权
矿业权
国有产权
碳排放权
排污权
药品采购
二类疫苗
林权
其他
交易诚信
违法违规
奖励信息
数据服务
交易统计
平台导航
政策法规
政策法规文件
政策法规解读
服务中心
培训交流
微信订阅
意见建议
调查征集
关于我们
首页 > 交易公开 > 政府采购
炉霍县人民政府办公室车辆加油、添加燃料服务直接选定采购合同
采购项目编号：ZJXD-202609513327587020
信息来源：
四川省
采购/资审公告
中标公告
采购合同
更正事项
暂无数据
暂无数据
炉霍县人民政府办公室车辆加油、添加燃料服务直接选定采购合同
2026-09-10
暂无数据
网站地图
|
网站声明
|
添加收藏
|
联系我们
主办：国家信息中心 指导单位： 国家发展和改革委员会
网站标识码：bm04000008
京ICP备05052393号-9
京公网安备11010202007733号
地址：北京西城区三里河路58号 邮政编码：100045",,,,,,,,,,,,,,,,,,,,
00130f5280cac9c5402d9b89eba5577c8605,2026-09-10,政府采购,中标公告,河北省,,河北省公共资源交易中心网站,河北广播电视台卫视落地覆盖项目（第二批）单一来源采购成交结果公告,https://www.ggzy.gov.cn/information/deal/html/a/130000/0202/20260910/00130f5280cac9c5402d9b89eba5577c8605.html,河北广播电视台卫视落地覆盖项目（第二批）单一来源采购成交结果公告,中标公告,Z130000262662,2026-09-10,https://www.ggzy.gov.cn/information/deal/html/a/130000/0202/20260910/00130f5280cac9c5402d9b89eba5577c8605.html,河北省公共资源交易中心网站,2026-09-10 14:26:29,医疗卫生,河北省,,default,,,,"河北广播电视台卫视落地覆盖项目（第二批）单一来源采购成交结果公告_交易公开_国家公共资源交易平台
政府网站工作年度报表
服务号
首页
机构职能
交易公开
工程建设
政府采购
土地使用权
矿业权
国有产权
碳排放权
排污权
药品采购
二类疫苗
林权
其他
交易诚信
违法违规
奖励信息
数据服务
交易统计
平台导航
政策法规
政策法规文件
政策法规解读
服务中心
培训交流
微信订阅
意见建议
调查征集
关于我们
首页 > 交易公开 > 政府采购
河北广播电视台卫视落地覆盖项目（第二批）单一来源采购成交结果公告
采购项目编号：Z130000262662
信息来源：
河北省公共资源交易中心网站
采购/资审公告
中标公告
采购合同
更正事项
河北广播电视台卫视落地覆盖项目（第二批）单一来源采购公告
2026-09-01
河北广播电视台卫视落地覆盖项目（第二批）单一来源采购成交结果公告
2026-09-10
河北广播电视台卫视落地覆盖项目（第二批）单一来源采购成交结果公告
2026-09-10
河北广播电视台卫视落地覆盖项目（第二批）单一来源采购成交结果公告
2026-09-10
河北广播电视台卫视落地覆盖项目（第二批）单一来源采购成交结果公告
2026-09-10
河北广播电视台卫视落地覆盖项目（第二批）单一来源采购成交结果公告
2026-09-10
暂无数据
暂无数据
网站地图
|
网站声明
|
添加收藏
|
联系我们
主办：国家信息中心 指导单位： 国家发展和改革委员会
网站标识码：bm04000008
京ICP备05052393号-9
京公网安备11010202007733号
地址：北京西城区三里河路58号 邮政编码：100045",,,,,,,,,,,,,,,,,,,,
0041ed1aa3c966714a97a012b2f4dd1b1f19,2026-09-10,政府采购,采购合同,河南省,,,罗山县朱堂乡人民政府2026年度农村公益事业财政奖补重点村项目（朱堂乡昌湾村）项目合同备案,https://www.ggzy.gov.cn/information/deal/html/a/410000/0203/20260910/0041ed1aa3c966714a97a012b2f4dd1b1f19.html,罗山县朱堂乡人民政府2026年度农村公益事业财政奖补重点村项目（朱堂乡昌湾村）项目合同备案,采购合同,罗财磋商采购-2026-40,2026-09-10,https://www.ggzy.gov.cn/information/deal/html/a/410000/0203/20260910/0041ed1aa3c966714a97a012b2f4dd1b1f19.html,河南省,2026-09-10 14:26:30,医疗卫生,河南省,,default,,,,"罗山县朱堂乡人民政府2026年度农村公益事业财政奖补重点村项目（朱堂乡昌湾村）项目合同备案_交易公开_国家公共资源交易平台
政府网站工作年度报表
服务号
首页
机构职能
交易公开
工程建设
政府采购
土地使用权
矿业权
国有产权
碳排放权
排污权
药品采购
二类疫苗
林权
其他
交易诚信
违法违规
奖励信息
数据服务
交易统计
平台导航
政策法规
政策法规文件
政策法规解读
服务中心
培训交流
微信订阅
意见建议
调查征集
关于我们
首页 > 交易公开 > 政府采购
罗山县朱堂乡人民政府2026年度农村公益事业财政奖补重点村项目（朱堂乡昌湾村）项目合同备案
采购项目编号：罗财磋商采购-2026-40
信息来源：
河南省
采购/资审公告
中标公告
采购合同
更正事项
罗山县朱堂乡人民政府2026年度农村公益事业财政奖补重点村项目（朱堂乡昌湾村）项目-竞争性磋商公告
2026-07-06
罗山县朱堂乡人民政府2026年度农村公益事业财政奖补重点村项目（朱堂乡昌湾村）项目-成交公告
2026-07-22
罗山县朱堂乡人民政府2026年度农村公益事业财政奖补重点村项目（朱堂乡昌湾村）项目合同备案
2026-09-10
暂无数据
网站地图
|
网站声明
|
添加收藏
|
联系我们
主办：国家信息中心 指导单位： 国家发展和改革委员会
网站标识码：bm04000008
京ICP备05052393号-9
京公网安备11010202007733号
地址：北京西城区三里河路58号 邮政编码：100045",,,,,,,,,,,,,,,,,,,,
0035b776ab0790274a249e79e83a49566852,2026-09-10,政府采购,采购/资审公告,福建省,,福州市公共资源交易服务中心,罗源县2026年消防科普教育基地建设为民办实事项目竞争性磋商公告,https://www.ggzy.gov.cn/information/deal/html/a/350000/0201/20260910/0035b776ab0790274a249e79e83a49566852.html,罗源县2026年消防科普教育基地建设为民办实事项目竞争性磋商公告,采购/资审公告,,2026-09-10,https://www.ggzy.gov.cn/information/deal/html/a/350000/0201/20260910/0035b776ab0790274a249e79e83a49566852.html,福州市公共资源交易服务中心,2026-09-10 14:26:31,医疗卫生,福建省,,default,,,,"罗源县2026年消防科普教育基地建设为民办实事项目竞争性磋商公告_交易公开_国家公共资源交易平台
政府网站工作年度报表
服务号
首页
机构职能
交易公开
工程建设
政府采购
土地使用权
矿业权
国有产权
碳排放权
排污权
药品采购
二类疫苗
林权
其他
交易诚信
违法违规
奖励信息
数据服务
交易统计
平台导航
政策法规
政策法规文件
政策法规解读
服务中心
培训交流
微信订阅
意见建议
调查征集
关于我们
首页 > 交易公开 > 政府采购
罗源县2026年消防科普教育基地建设为民办实事项目竞争性磋商公告
采购项目编号：[350123]FJZHZH[CS]2026002
信息来源：
福州市公共资源交易服务中心
采购/资审公告
中标公告
采购合同
更正事项
罗源县2026年消防科普教育基地建设为民办实事项目竞争性磋商公告
2026-09-10
暂无数据
暂无数据
暂无数据
网站地图
|
网站声明
|
添加收藏
|
联系我们
主办：国家信息中心 指导单位： 国家发展和改革委员会
网站标识码：bm04000008
京ICP备05052393号-9
京公网安备11010202007733号
地址：北京西城区三里河路58号 邮政编码：100045",,,,,,,,,,,,,,,,,,,,
0041d10673a9fac34022a21abc04c6aea516,2026-09-10,政府采购,中标公告,河南省,,,信阳市财政局预算评审中心业务咨询第三方服务框架协议采购项目（二包：信息化项目造价咨询服务）入围结果公告,https://www.ggzy.gov.cn/information/deal/html/a/410000/0202/20260910/0041d10673a9fac34022a21abc04c6aea516.html,信阳市财政局预算评审中心业务咨询第三方服务框架协议采购项目（二包：信息化项目造价咨询服务）入围结果公告,中标公告,xys202608009,2026-09-10,https://www.ggzy.gov.cn/information/deal/html/a/410000/0202/20260910/0041d10673a9fac34022a21abc04c6aea516.html,河南省,2026-09-10 14:26:32,医疗卫生,河南省,,default,,,,"信阳市财政局预算评审中心业务咨询第三方服务框架协议采购项目（二包：信息化项目造价咨询服务）入围结果公告_交易公开_国家公共资源交易平台
政府网站工作年度报表
服务号
首页
机构职能
交易公开
工程建设
政府采购
土地使用权
矿业权
国有产权
碳排放权
排污权
药品采购
二类疫苗
林权
其他
交易诚信
违法违规
奖励信息
数据服务
交易统计
平台导航
政策法规
政策法规文件
政策法规解读
服务中心
培训交流
微信订阅
意见建议
调查征集
关于我们
首页 > 交易公开 > 政府采购
信阳市财政局预算评审中心业务咨询第三方服务框架协议采购项目（二包：信息化项目造价咨询服务）入围结果公告
采购项目编号：xys202608009
信息来源：
河南省
采购/资审公告
中标公告
采购合同
更正事项
信阳市财政局预算评审中心业务咨询第三方服务框架协议采购项目 征集公告
2026-08-13
信阳市财政局预算评审中心业务咨询第三方服务框架协议采购项目（三包：会计师事务所服务）入围结果公告
2026-09-10
信阳市财政局预算评审中心业务咨询第三方服务框架协议采购项目（二包：信息化项目造价咨询服务）入围结果公告
2026-09-10
信阳市财政局预算评审中心业务咨询第三方服务框架协议采购项目（一包：工程造价咨询服务（不含信息化项目））入围结果公告
2026-09-10
暂无数据
暂无数据
网站地图
|
网站声明
|
添加收藏
|
联系我们
主办：国家信息中心 指导单位： 国家发展和改革委员会
网站标识码：bm04000008
京ICP备05052393号-9
京公网安备11010202007733号
地址：北京西城区三里河路58号 邮政编码：100045",,,,,,,,,,,,,,,,,,,,
0035146e4635ce9b4da7976ff9e302467845,2026-09-10,政府采购,采购/资审公告,福建省,,福州市公共资源交易服务中心,晋安区2026年度国土变更调查和森林草原湿地荒漠化调查工作项目竞争性磋商公告,https://www.ggzy.gov.cn/information/deal/html/a/350000/0201/20260910/0035146e4635ce9b4da7976ff9e302467845.html,晋安区2026年度国土变更调查和森林草原湿地荒漠化调查工作项目竞争性磋商公告,采购/资审公告,,2026-09-10,https://www.ggzy.gov.cn/information/deal/html/a/350000/0201/20260910/0035146e4635ce9b4da7976ff9e302467845.html,福州市公共资源交易服务中心,2026-09-10 14:26:33,医疗卫生,福建省,,default,,,,"晋安区2026年度国土变更调查和森林草原湿地荒漠化调查工作项目竞争性磋商公告_交易公开_国家公共资源交易平台
政府网站工作年度报表
服务号
首页
机构职能
交易公开
工程建设
政府采购
土地使用权
矿业权
国有产权
碳排放权
排污权
药品采购
二类疫苗
林权
其他
交易诚信
违法违规
奖励信息
数据服务
交易统计
平台导航
政策法规
政策法规文件
政策法规解读
服务中心
培训交流
微信订阅
意见建议
调查征集
关于我们
首页 > 交易公开 > 政府采购
晋安区2026年度国土变更调查和森林草原湿地荒漠化调查工作项目竞争性磋商公告
采购项目编号：[350111]XRS采购招[CS]2026001
信息来源：
福州市公共资源交易服务中心
采购/资审公告
中标公告
采购合同
更正事项
晋安区2026年度国土变更调查和森林草原湿地荒漠化调查工作项目竞争性磋商公告
2026-09-10
暂无数据
暂无数据
暂无数据
网站地图
|
网站声明
|
添加收藏
|
联系我们
主办：国家信息中心 指导单位： 国家发展和改革委员会
网站标识码：bm04000008
京ICP备05052393号-9
京公网安备11010202007733号
地址：北京西城区三里河路58号 邮政编码：100045",,,,,,,,,,,,,,,,,,,,
00514afa1edad6e24984a31e2d33b0e09586,2026-09-10,政府采购,采购合同,四川省,,,义齿加工配送服务采购项目(二次),https://www.ggzy.gov.cn/information/deal/html/a/510000/0203/20260910/00514afa1edad6e24984a31e2d33b0e09586.html,义齿加工配送服务采购项目(二次),采购合同,N5120012026000171,2026-09-10,https://www.ggzy.gov.cn/information/deal/html/a/510000/0203/20260910/00514afa1edad6e24984a31e2d33b0e09586.html,四川省,2026-09-10 14:26:34,医疗卫生,四川省,,default,,,,"义齿加工配送服务采购项目(二次)_交易公开_国家公共资源交易平台
政府网站工作年度报表
服务号
首页
机构职能
交易公开
工程建设
政府采购
土地使用权
矿业权
国有产权
碳排放权
排污权
药品采购
二类疫苗
林权
其他
交易诚信
违法违规
奖励信息
数据服务
交易统计
平台导航
政策法规
政策法规文件
政策法规解读
服务中心
培训交流
微信订阅
意见建议
调查征集
关于我们
首页 > 交易公开 > 政府采购
义齿加工配送服务采购项目(二次)
采购项目编号：N5120012026000171
信息来源：
四川省
采购/资审公告
中标公告
采购合同
更正事项
资阳市人民医院义齿加工配送服务采购项目(二次)竞争性谈判公告
2026-08-12
资阳市人民医院义齿加工配送服务采购项目竞争性谈判公告
2026-08-04
资阳市人民医院义齿加工配送服务采购项目(二次)中标（成交）结果公告
2026-08-20
义齿加工配送服务采购项目(二次)
2026-09-10
暂无数据
网站地图
|
网站声明
|
添加收藏
|
联系我们
主办：国家信息中心 指导单位： 国家发展和改革委员会
网站标识码：bm04000008
京ICP备05052393号-9
京公网安备11010202007733号
地址：北京西城区三里河路58号 邮政编码：100045",,,,,,,,,,,,,,,,,,,,
0051aed6433d48f749888d1f83cd2810b1db,2026-09-10,政府采购,采购合同,四川省,,,兴文县2025年川南肉牛产业集群建设项目（五星镇肉牛养殖场建设项目）,https://www.ggzy.gov.cn/information/deal/html/a/510000/0203/20260910/0051aed6433d48f749888d1f83cd2810b1db.html,兴文县2025年川南肉牛产业集群建设项目（五星镇肉牛养殖场建设项目）,采购合同,N5115282026000044,2026-09-10,https://www.ggzy.gov.cn/information/deal/html/a/510000/0203/20260910/0051aed6433d48f749888d1f83cd2810b1db.html,四川省,2026-09-10 14:26:35,医疗卫生,四川省,,default,,,,"兴文县2025年川南肉牛产业集群建设项目（五星镇肉牛养殖场建设项目）_交易公开_国家公共资源交易平台
政府网站工作年度报表
服务号
首页
机构职能
交易公开
工程建设
政府采购
土地使用权
矿业权
国有产权
碳排放权
排污权
药品采购
二类疫苗
林权
其他
交易诚信
违法违规
奖励信息
数据服务
交易统计
平台导航
政策法规
政策法规文件
政策法规解读
服务中心
培训交流
微信订阅
意见建议
调查征集
关于我们
首页 > 交易公开 > 政府采购
兴文县2025年川南肉牛产业集群建设项目（五星镇肉牛养殖场建设项目）
采购项目编号：N5115282026000044
信息来源：
四川省
采购/资审公告
中标公告
采购合同
更正事项
暂无数据
暂无数据
兴文县2025年川南肉牛产业集群建设项目（五星镇肉牛养殖场建设项目）
2026-09-10
暂无数据
网站地图
|
网站声明
|
添加收藏
|
联系我们
主办：国家信息中心 指导单位： 国家发展和改革委员会
网站标识码：bm04000008
京ICP备05052393号-9
京公网安备11010202007733号
地址：北京西城区三里河路58号 邮政编码：100045",,,,,,,,,,,,,,,,,,,,
00624c7a0ffff1ae4aea9b5d7c5c2f962e06,2026-09-10,政府采购,采购/资审公告,甘肃省,,天水市公共资源交易平台,张家川县防汛应急物资储备项目公告,https://www.ggzy.gov.cn/information/deal/html/a/620000/0201/20260910/00624c7a0ffff1ae4aea9b5d7c5c2f962e06.html,张家川县防汛应急物资储备项目公告,采购/资审公告,E6205100608011608001,2026-09-10,https://www.ggzy.gov.cn/information/deal/html/a/620000/0201/20260910/00624c7a0ffff1ae4aea9b5d7c5c2f962e06.html,天水市公共资源交易平台,2026-09-10 14:26:36,医疗卫生,甘肃省,,default,,,,"张家川县防汛应急物资储备项目公告_交易公开_国家公共资源交易平台
政府网站工作年度报表
服务号
首页
机构职能
交易公开
工程建设
政府采购
土地使用权
矿业权
国有产权
碳排放权
排污权
药品采购
二类疫苗
林权
其他
交易诚信
违法违规
奖励信息
数据服务
交易统计
平台导航
政策法规
政策法规文件
政策法规解读
服务中心
培训交流
微信订阅
意见建议
调查征集
关于我们
首页 > 交易公开 > 政府采购
张家川县防汛应急物资储备项目公告
采购项目编号：E6205100608011608001
信息来源：
天水市公共资源交易平台
采购/资审公告
中标公告
采购合同
更正事项
张家川县防汛应急物资储备项目公告
2026-09-10
暂无数据
暂无数据
暂无数据
网站地图
|
网站声明
|
添加收藏
|
联系我们
主办：国家信息中心 指导单位： 国家发展和改革委员会
网站标识码：bm04000008
京ICP备05052393号-9
京公网安备11010202007733号
地址：北京西城区三里河路58号 邮政编码：100045",,,,,,,,,,,,,,,,,,,,
0034735b47a64416477dabde27fa534a73cb,2026-09-10,政府采购,采购/资审公告,安徽省,,淮南市公共资源交易平台电子交易系统,张李乡韩店村入户道路提升与人居环境整治（一次）竞争性磋商公告,https://www.ggzy.gov.cn/information/deal/html/a/340000/0201/20260910/0034735b47a64416477dabde27fa534a73cb.html,张李乡韩店村入户道路提升与人居环境整治（一次）竞争性磋商公告,采购/资审公告,2026CGSX0132,2026-09-10,https://www.ggzy.gov.cn/information/deal/html/a/340000/0201/20260910/0034735b47a64416477dabde27fa534a73cb.html,淮南市公共资源交易平台电子交易系统,2026-09-10 14:26:37,医疗卫生,安徽省,,default,,,,"张李乡韩店村入户道路提升与人居环境整治（一次）竞争性磋商公告_交易公开_国家公共资源交易平台
政府网站工作年度报表
服务号
首页
机构职能
交易公开
工程建设
政府采购
土地使用权
矿业权
国有产权
碳排放权
排污权
药品采购
二类疫苗
林权
其他
交易诚信
违法违规
奖励信息
数据服务
交易统计
平台导航
政策法规
政策法规文件
政策法规解读
服务中心
培训交流
微信订阅
意见建议
调查征集
关于我们
首页 > 交易公开 > 政府采购
张李乡韩店村入户道路提升与人居环境整治（一次）竞争性磋商公告
采购项目编号：2026CGSX0132
信息来源：
淮南市公共资源交易平台电子交易系统
采购/资审公告
中标公告
采购合同
更正事项
张李乡韩店村入户道路提升与人居环境整治（一次）竞争性磋商公告
2026-09-10
暂无数据
暂无数据
暂无数据
网站地图
|
网站声明
|
添加收藏
|
联系我们
主办：国家信息中心 指导单位： 国家发展和改革委员会
网站标识码：bm04000008
京ICP备05052393号-9
京公网安备11010202007733号
地址：北京西城区三里河路58号 邮政编码：100045",,,,,,,,,,,,,,,,,,,,
003426380b90c5fe41fe9626c7cb1895c51d,2026-09-10,政府采购,采购/资审公告,安徽省,,淮南市公共资源交易平台电子交易系统,张李乡道路改造提升项目（一次）竞争性磋商公告,https://www.ggzy.gov.cn/information/deal/html/a/340000/0201/20260910/003426380b90c5fe41fe9626c7cb1895c51d.html,张李乡道路改造提升项目（一次）竞争性磋商公告,采购/资审公告,2026CGSX0131,2026-09-10,https://www.ggzy.gov.cn/information/deal/html/a/340000/0201/20260910/003426380b90c5fe41fe9626c7cb1895c51d.html,淮南市公共资源交易平台电子交易系统,2026-09-10 14:26:38,医疗卫生,安徽省,,default,,,,"张李乡道路改造提升项目（一次）竞争性磋商公告_交易公开_国家公共资源交易平台
政府网站工作年度报表
服务号
首页
机构职能
交易公开
工程建设
政府采购
土地使用权
矿业权
国有产权
碳排放权
排污权
药品采购
二类疫苗
林权
其他
交易诚信
违法违规
奖励信息
数据服务
交易统计
平台导航
政策法规
政策法规文件
政策法规解读
服务中心
培训交流
微信订阅
意见建议
调查征集
关于我们
首页 > 交易公开 > 政府采购
张李乡道路改造提升项目（一次）竞争性磋商公告
采购项目编号：2026CGSX0131
信息来源：
淮南市公共资源交易平台电子交易系统
采购/资审公告
中标公告
采购合同
更正事项
张李乡道路改造提升项目（一次）竞争性磋商公告
2026-09-10
暂无数据
暂无数据
暂无数据
网站地图
|
网站声明
|
添加收藏
|
联系我们
主办：国家信息中心 指导单位： 国家发展和改革委员会
网站标识码：bm04000008
京ICP备05052393号-9
京公网安备11010202007733号
地址：北京西城区三里河路58号 邮政编码：100045",,,,,,,,,,,,,,,,,,,,
006150b753c77149479297106f9b2ed09102,2026-09-10,政府采购,采购/资审公告,陕西省,,全国公共资源交易平台（陕西省）,岐山县2025年度占补平衡补充耕地质量鉴定项目(二次)采购公告,https://www.ggzy.gov.cn/information/deal/html/a/610000/0201/20260910/006150b753c77149479297106f9b2ed09102.html,岐山县2025年度占补平衡补充耕地质量鉴定项目(二次)采购公告,采购/资审公告,FXGJ2026-0802,2026-09-10,https://www.ggzy.gov.cn/information/deal/html/a/610000/0201/20260910/006150b753c77149479297106f9b2ed09102.html,全国公共资源交易平台（陕西省）,2026-09-10 14:26:39,医疗卫生,陕西省,,default,,,,"岐山县2025年度占补平衡补充耕地质量鉴定项目(二次)采购公告_交易公开_国家公共资源交易平台
政府网站工作年度报表
服务号
首页
机构职能
交易公开
工程建设
政府采购
土地使用权
矿业权
国有产权
碳排放权
排污权
药品采购
二类疫苗
林权
其他
交易诚信
违法违规
奖励信息
数据服务
交易统计
平台导航
政策法规
政策法规文件
政策法规解读
服务中心
培训交流
微信订阅
意见建议
调查征集
关于我们
首页 > 交易公开 > 政府采购
岐山县2025年度占补平衡补充耕地质量鉴定项目(二次)采购公告
采购项目编号：FXGJ2026-0802.1B1
信息来源：
全国公共资源交易平台（陕西省）
采购/资审公告
中标公告
采购合同
更正事项
岐山县2025年度占补平衡补充耕地质量鉴定项目(二次)采购公告
2026-09-10
暂无数据
暂无数据
暂无数据
网站地图
|
网站声明
|
添加收藏
|
联系我们
主办：国家信息中心 指导单位： 国家发展和改革委员会
网站标识码：bm04000008
京ICP备05052393号-9
京公网安备11010202007733号
地址：北京西城区三里河路58号 邮政编码：100045",,,,,,,,,,,,,,,,,,,,
00465b508396dc5045329df906936bfe023b,2026-09-10,政府采购,中标公告,海南省,,,海南自贸港封关系列展结果公告（采购包1）,https://www.ggzy.gov.cn/information/deal/html/a/460000/0202/20260910/00465b508396dc5045329df906936bfe023b.html,海南自贸港封关系列展结果公告（采购包1）,中标公告,HNZS2026-096,2026-09-10,https://www.ggzy.gov.cn/information/deal/html/a/460000/0202/20260910/00465b508396dc5045329df906936bfe023b.html,海南省,2026-09-10 14:26:41,医疗卫生,海南省,,default,,,,"海南自贸港封关系列展结果公告（采购包1）_交易公开_国家公共资源交易平台
政府网站工作年度报表
服务号
首页
机构职能
交易公开
工程建设
政府采购
土地使用权
矿业权
国有产权
碳排放权
排污权
药品采购
二类疫苗
林权
其他
交易诚信
违法违规
奖励信息
数据服务
交易统计
平台导航
政策法规
政策法规文件
政策法规解读
服务中心
培训交流
微信订阅
意见建议
调查征集
关于我们
首页 > 交易公开 > 政府采购
海南自贸港封关系列展结果公告（采购包1）
采购项目编号：HNZS2026-096
信息来源：
海南省
采购/资审公告
中标公告
采购合同
更正事项
海南自贸港封关系列展公开招标招标公告
2026-08-18
海南自贸港封关系列展结果公告（采购包1）
2026-09-10
暂无数据
暂无数据
网站地图
|
网站声明
|
添加收藏
|
联系我们
主办：国家信息中心 指导单位： 国家发展和改革委员会
网站标识码：bm04000008
京ICP备05052393号-9
京公网安备11010202007733号
地址：北京西城区三里河路58号 邮政编码：100045",,,,,,,,,,,,,,,,,,,,
0054fc554cda29fd48cf83653a478adcc9ee,2026-09-10,政府采购,中标公告,西藏自治区,,,2026年羌塘国家级自然保护区中央财政林业草原生态保护项目二标包（二次）中标（成交）结果公告,https://www.ggzy.gov.cn/information/deal/html/a/540000/0202/20260910/0054fc554cda29fd48cf83653a478adcc9ee.html,2026年羌塘国家级自然保护区中央财政林业草原生态保护项目二标包（二次）中标（成交）结果公告,中标公告,GZFCG2026-35372,2026-09-10,https://www.ggzy.gov.cn/information/deal/html/a/540000/0202/20260910/0054fc554cda29fd48cf83653a478adcc9ee.html,西藏自治区,2026-09-10 14:26:42,医疗卫生,西藏自治区,,default,,,,"2026年羌塘国家级自然保护区中央财政林业草原生态保护项目二标包（二次）中标（成交）结果公告_交易公开_国家公共资源交易平台
政府网站工作年度报表
服务号
首页
机构职能
交易公开
工程建设
政府采购
土地使用权
矿业权
国有产权
碳排放权
排污权
药品采购
二类疫苗
林权
其他
交易诚信
违法违规
奖励信息
数据服务
交易统计
平台导航
政策法规
政策法规文件
政策法规解读
服务中心
培训交流
微信订阅
意见建议
调查征集
关于我们
首页 > 交易公开 > 政府采购
2026年羌塘国家级自然保护区中央财政林业草原生态保护项目二标包（二次）中标（成交）结果公告
采购项目编号：GZFCG2026-35372
信息来源：
西藏自治区
采购/资审公告
中标公告
采购合同
更正事项
2026年羌塘国家级自然保护区中央财政林业草原生态保护项目二标包（二次）采购公告
2026-08-17
2026年羌塘国家级自然保护区中央财政林业草原生态保护项目二标包（二次）中标（成交）结果公告
2026-09-10
暂无数据
暂无数据
网站地图
|
网站声明
|
添加收藏
|
联系我们
主办：国家信息中心 指导单位： 国家发展和改革委员会
网站标识码：bm04000008
京ICP备05052393号-9
京公网安备11010202007733号
地址：北京西城区三里河路58号 邮政编码：100045",,,,,,,,,,,,,,,,,,,,
0061862721e9bc5f46d4b44436afa0d86b2f,2026-09-10,政府采购,中标公告,陕西省,,全国公共资源交易平台（陕西省）,佳县通镇罗山村村组道路新建工程采购结果公告,https://www.ggzy.gov.cn/information/deal/html/a/610000/0202/20260910/0061862721e9bc5f46d4b44436afa0d86b2f.html,佳县通镇罗山村村组道路新建工程采购结果公告,中标公告,LTJX-2026-0802,2026-09-10,https://www.ggzy.gov.cn/information/deal/html/a/610000/0202/20260910/0061862721e9bc5f46d4b44436afa0d86b2f.html,全国公共资源交易平台（陕西省）,2026-09-10 14:26:43,医疗卫生,陕西省,,default,,,,"佳县通镇罗山村村组道路新建工程采购结果公告_交易公开_国家公共资源交易平台
政府网站工作年度报表
服务号
首页
机构职能
交易公开
工程建设
政府采购
土地使用权
矿业权
国有产权
碳排放权
排污权
药品采购
二类疫苗
林权
其他
交易诚信
违法违规
奖励信息
数据服务
交易统计
平台导航
政策法规
政策法规文件
政策法规解读
服务中心
培训交流
微信订阅
意见建议
调查征集
关于我们
首页 > 交易公开 > 政府采购
佳县通镇罗山村村组道路新建工程采购结果公告
采购项目编号：LTJX-2026-0802
信息来源：
全国公共资源交易平台（陕西省）
采购/资审公告
中标公告
采购合同
更正事项
佳县通镇罗山村村组道路新建工程采购公告
2026-08-27
佳县通镇罗山村村组道路新建工程采购结果公告
2026-09-10
暂无数据
暂无数据
网站地图
|
网站声明
|
添加收藏
|
联系我们
主办：国家信息中心 指导单位： 国家发展和改革委员会
网站标识码：bm04000008
京ICP备05052393号-9
京公网安备11010202007733号
地址：北京西城区三里河路58号 邮政编码：100045",,,,,,,,,,,,,,,,,,,,
0013cbd814959fe14fb183b4321d271f6bcc,2026-09-10,政府采购,中标公告,河北省,,河北省公共资源交易中心网站,河北广播电视台卫视落地覆盖项目（第二批）单一来源采购成交结果公告,https://www.ggzy.gov.cn/information/deal/html/a/130000/0202/20260910/0013cbd814959fe14fb183b4321d271f6bcc.html,河北广播电视台卫视落地覆盖项目（第二批）单一来源采购成交结果公告,中标公告,Z130000262662,2026-09-10,https://www.ggzy.gov.cn/information/deal/html/a/130000/0202/20260910/0013cbd814959fe14fb183b4321d271f6bcc.html,河北省公共资源交易中心网站,2026-09-10 14:26:44,医疗卫生,河北省,,default,,,,"河北广播电视台卫视落地覆盖项目（第二批）单一来源采购成交结果公告_交易公开_国家公共资源交易平台
政府网站工作年度报表
服务号
首页
机构职能
交易公开
工程建设
政府采购
土地使用权
矿业权
国有产权
碳排放权
排污权
药品采购
二类疫苗
林权
其他
交易诚信
违法违规
奖励信息
数据服务
交易统计
平台导航
政策法规
政策法规文件
政策法规解读
服务中心
培训交流
微信订阅
意见建议
调查征集
关于我们
首页 > 交易公开 > 政府采购
河北广播电视台卫视落地覆盖项目（第二批）单一来源采购成交结果公告
采购项目编号：Z130000262662
信息来源：
河北省公共资源交易中心网站
采购/资审公告
中标公告
采购合同
更正事项
河北广播电视台卫视落地覆盖项目（第二批）单一来源采购公告
2026-09-01
河北广播电视台卫视落地覆盖项目（第二批）单一来源采购成交结果公告
2026-09-10
河北广播电视台卫视落地覆盖项目（第二批）单一来源采购成交结果公告
2026-09-10
河北广播电视台卫视落地覆盖项目（第二批）单一来源采购成交结果公告
2026-09-10
河北广播电视台卫视落地覆盖项目（第二批）单一来源采购成交结果公告
2026-09-10
河北广播电视台卫视落地覆盖项目（第二批）单一来源采购成交结果公告
2026-09-10
暂无数据
暂无数据
网站地图
|
网站声明
|
添加收藏
|
联系我们
主办：国家信息中心 指导单位： 国家发展和改革委员会
网站标识码：bm04000008
京ICP备05052393号-9
京公网安备11010202007733号
地址：北京西城区三里河路58号 邮政编码：100045",,,,,,,,,,,,,,,,,,,,
0041b55b2f9a8fbc4da5909435de3c8523c6,2026-09-10,政府采购,中标公告,河南省,,,信阳市财政局预算评审中心业务咨询第三方服务框架协议采购项目（一包：工程造价咨询服务（不含信息化项目））入围结果公告,https://www.ggzy.gov.cn/information/deal/html/a/410000/0202/20260910/0041b55b2f9a8fbc4da5909435de3c8523c6.html,信阳市财政局预算评审中心业务咨询第三方服务框架协议采购项目（一包：工程造价咨询服务（不含信息化项目））入围结果公告,中标公告,xys202608009,2026-09-10,https://www.ggzy.gov.cn/information/deal/html/a/410000/0202/20260910/0041b55b2f9a8fbc4da5909435de3c8523c6.html,河南省,2026-09-10 14:26:45,医疗卫生,河南省,,default,,,,"信阳市财政局预算评审中心业务咨询第三方服务框架协议采购项目（一包：工程造价咨询服务（不含信息化项目））入围结果公告_交易公开_国家公共资源交易平台
政府网站工作年度报表
服务号
首页
机构职能
交易公开
工程建设
政府采购
土地使用权
矿业权
国有产权
碳排放权
排污权
药品采购
二类疫苗
林权
其他
交易诚信
违法违规
奖励信息
数据服务
交易统计
平台导航
政策法规
政策法规文件
政策法规解读
服务中心
培训交流
微信订阅
意见建议
调查征集
关于我们
首页 > 交易公开 > 政府采购
信阳市财政局预算评审中心业务咨询第三方服务框架协议采购项目（一包：工程造价咨询服务（不含信息化项目））入围结果公告
采购项目编号：xys202608009
信息来源：
河南省
采购/资审公告
中标公告
采购合同
更正事项
信阳市财政局预算评审中心业务咨询第三方服务框架协议采购项目 征集公告
2026-08-13
信阳市财政局预算评审中心业务咨询第三方服务框架协议采购项目（三包：会计师事务所服务）入围结果公告
2026-09-10
信阳市财政局预算评审中心业务咨询第三方服务框架协议采购项目（二包：信息化项目造价咨询服务）入围结果公告
2026-09-10
信阳市财政局预算评审中心业务咨询第三方服务框架协议采购项目（一包：工程造价咨询服务（不含信息化项目））入围结果公告
2026-09-10
暂无数据
暂无数据
网站地图
|
网站声明
|
添加收藏
|
联系我们
主办：国家信息中心 指导单位： 国家发展和改革委员会
网站标识码：bm04000008
京ICP备05052393号-9
京公网安备11010202007733号
地址：北京西城区三里河路58号 邮政编码：100045",,,,,,,,,,,,,,,,,,,,
004485653ea497ef45268679797af8ad2594,2026-09-10,政府采购,采购/资审公告,广东省,,,云浮市安全生产公共考试中心建设项目竞争性磋商公告,https://www.ggzy.gov.cn/information/deal/html/a/440000/0201/20260910/004485653ea497ef45268679797af8ad2594.html,云浮市安全生产公共考试中心建设项目竞争性磋商公告,采购/资审公告,445301-2026-01401,2026-09-10,https://www.ggzy.gov.cn/information/deal/html/a/440000/0201/20260910/004485653ea497ef45268679797af8ad2594.html,广东省,2026-09-10 14:26:46,医疗卫生,广东省,,default,,,,"云浮市安全生产公共考试中心建设项目竞争性磋商公告_交易公开_国家公共资源交易平台
政府网站工作年度报表
服务号
首页
机构职能
交易公开
工程建设
政府采购
土地使用权
矿业权
国有产权
碳排放权
排污权
药品采购
二类疫苗
林权
其他
交易诚信
违法违规
奖励信息
数据服务
交易统计
平台导航
政策法规
政策法规文件
政策法规解读
服务中心
培训交流
微信订阅
意见建议
调查征集
关于我们
首页 > 交易公开 > 政府采购
云浮市安全生产公共考试中心建设项目竞争性磋商公告
采购项目编号：445301-2026-01401
信息来源：
广东省
采购/资审公告
中标公告
采购合同
更正事项
云浮市安全生产公共考试中心建设项目竞争性磋商公告
2026-09-10
暂无数据
暂无数据
暂无数据
网站地图
|
网站声明
|
添加收藏
|
联系我们
主办：国家信息中心 指导单位： 国家发展和改革委员会
网站标识码：bm04000008
京ICP备05052393号-9
京公网安备11010202007733号
地址：北京西城区三里河路58号 邮政编码：100045",,,,,,,,,,,,,,,,,,,,
0051e86f5cb2c84f47979b1a619d555dc16c,2026-09-10,政府采购,采购合同,四川省,,,泸州市卫生健康信息中心机动车保险服务直接选定采购合同,https://www.ggzy.gov.cn/information/deal/html/a/510000/0203/20260910/0051e86f5cb2c84f47979b1a619d555dc16c.html,泸州市卫生健康信息中心机动车保险服务直接选定采购合同,采购合同,ZJXD-202609510501585686,2026-09-10,https://www.ggzy.gov.cn/information/deal/html/a/510000/0203/20260910/0051e86f5cb2c84f47979b1a619d555dc16c.html,四川省,2026-09-10 14:26:47,医疗卫生,四川省,,default,,,,"泸州市卫生健康信息中心机动车保险服务直接选定采购合同_交易公开_国家公共资源交易平台
政府网站工作年度报表
服务号
首页
机构职能
交易公开
工程建设
政府采购
土地使用权
矿业权
国有产权
碳排放权
排污权
药品采购
二类疫苗
林权
其他
交易诚信
违法违规
奖励信息
数据服务
交易统计
平台导航
政策法规
政策法规文件
政策法规解读
服务中心
培训交流
微信订阅
意见建议
调查征集
关于我们
首页 > 交易公开 > 政府采购
泸州市卫生健康信息中心机动车保险服务直接选定采购合同
采购项目编号：ZJXD-202609510501585686
信息来源：
四川省
采购/资审公告
中标公告
采购合同
更正事项
暂无数据
暂无数据
泸州市卫生健康信息中心机动车保险服务直接选定采购合同
2026-09-10
暂无数据
网站地图
|
网站声明
|
添加收藏
|
联系我们
主办：国家信息中心 指导单位： 国家发展和改革委员会
网站标识码：bm04000008
京ICP备05052393号-9
京公网安备11010202007733号
地址：北京西城区三里河路58号 邮政编码：100045",,,,,,,,,,,,,,,,,,,,
0046a9536dca8278452d9519c399745c24be,2026-09-10,政府采购,中标公告,海南省,,,三亚市天涯区文门村委会力村小组道路修建工程结果公告（采购包1）,https://www.ggzy.gov.cn/information/deal/html/a/460000/0202/20260910/0046a9536dca8278452d9519c399745c24be.html,三亚市天涯区文门村委会力村小组道路修建工程结果公告（采购包1）,中标公告,,2026-09-10,https://www.ggzy.gov.cn/information/deal/html/a/460000/0202/20260910/0046a9536dca8278452d9519c399745c24be.html,海南省,2026-09-10 14:26:48,医疗卫生,海南省,,default,,,,"三亚市天涯区文门村委会力村小组道路修建工程结果公告（采购包1）_交易公开_国家公共资源交易平台
政府网站工作年度报表
服务号
首页
机构职能
交易公开
工程建设
政府采购
土地使用权
矿业权
国有产权
碳排放权
排污权
药品采购
二类疫苗
林权
其他
交易诚信
违法违规
奖励信息
数据服务
交易统计
平台导航
政策法规
政策法规文件
政策法规解读
服务中心
培训交流
微信订阅
意见建议
调查征集
关于我们
首页 > 交易公开 > 政府采购
三亚市天涯区文门村委会力村小组道路修建工程结果公告（采购包1）
采购项目编号：[HNZX]20260800004[CS]
信息来源：
海南省
采购/资审公告
中标公告
采购合同
更正事项
三亚市天涯区文门村委会力村小组道路修建工程竞争性磋商公告
2026-08-28
三亚市天涯区文门村委会力村小组道路修建工程结果公告（采购包1）
2026-09-10
暂无数据
暂无数据
网站地图
|
网站声明
|
添加收藏
|
联系我们
主办：国家信息中心 指导单位： 国家发展和改革委员会
网站标识码：bm04000008
京ICP备05052393号-9
京公网安备11010202007733号
地址：北京西城区三里河路58号 邮政编码：100045",,,,,,,,,,,,,,,,,,,,
0041b6ae026a6ec8428b8c976efbdf5a8a52,2026-09-10,政府采购,采购合同,河南省,,,罗山县农业农村局罗山县2025年水稻绿色高产高效行动项目合同备案,https://www.ggzy.gov.cn/information/deal/html/a/410000/0203/20260910/0041b6ae026a6ec8428b8c976efbdf5a8a52.html,罗山县农业农村局罗山县2025年水稻绿色高产高效行动项目合同备案,采购合同,罗财公开招标-2026-14,2026-09-10,https://www.ggzy.gov.cn/information/deal/html/a/410000/0203/20260910/0041b6ae026a6ec8428b8c976efbdf5a8a52.html,河南省,2026-09-10 14:26:49,医疗卫生,河南省,,default,,,,"罗山县农业农村局罗山县2025年水稻绿色高产高效行动项目合同备案_交易公开_国家公共资源交易平台
政府网站工作年度报表
服务号
首页
机构职能
交易公开
工程建设
政府采购
土地使用权
矿业权
国有产权
碳排放权
排污权
药品采购
二类疫苗
林权
其他
交易诚信
违法违规
奖励信息
数据服务
交易统计
平台导航
政策法规
政策法规文件
政策法规解读
服务中心
培训交流
微信订阅
意见建议
调查征集
关于我们
首页 > 交易公开 > 政府采购
罗山县农业农村局罗山县2025年水稻绿色高产高效行动项目合同备案
采购项目编号：罗财公开招标-2026-14
信息来源：
河南省
采购/资审公告
中标公告
采购合同
更正事项
罗山县农业农村局罗山县2025年水稻绿色高产高效行动项目-公开招标公告
2026-07-02
罗山县农业农村局罗山县2025年水稻绿色高产高效行动项目-公开招标公告
2026-06-09
罗山县农业农村局罗山县2025年水稻绿色高产高效行动项目-中标公告
2026-07-24
罗山县农业农村局罗山县2025年水稻绿色高产高效行动项目-中标公告
2026-07-01
罗山县农业农村局罗山县2025年水稻绿色高产高效行动项目合同备案
2026-09-10
罗山县农业农村局罗山县2025年水稻绿色高产高效行动项目合同备案
2026-07-07
暂无数据
网站地图
|
网站声明
|
添加收藏
|
联系我们
主办：国家信息中心 指导单位： 国家发展和改革委员会
网站标识码：bm04000008
京ICP备05052393号-9
京公网安备11010202007733号
地址：北京西城区三里河路58号 邮政编码：100045",,,,,,,,,,,,,,,,,,,,
0061cec2a2f45aed49f3b340b2b003b26cfe,2026-09-10,政府采购,中标公告,陕西省,,全国公共资源交易平台（陕西省）,佳县通镇罗山村崔家峁村组道路硬化工程采购结果公告,https://www.ggzy.gov.cn/information/deal/html/a/610000/0202/20260910/0061cec2a2f45aed49f3b340b2b003b26cfe.html,佳县通镇罗山村崔家峁村组道路硬化工程采购结果公告,中标公告,LTJX-2026-0801,2026-09-10,https://www.ggzy.gov.cn/information/deal/html/a/610000/0202/20260910/0061cec2a2f45aed49f3b340b2b003b26cfe.html,全国公共资源交易平台（陕西省）,2026-09-10 14:26:50,医疗卫生,陕西省,,default,,,,"佳县通镇罗山村崔家峁村组道路硬化工程采购结果公告_交易公开_国家公共资源交易平台
政府网站工作年度报表
服务号
首页
机构职能
交易公开
工程建设
政府采购
土地使用权
矿业权
国有产权
碳排放权
排污权
药品采购
二类疫苗
林权
其他
交易诚信
违法违规
奖励信息
数据服务
交易统计
平台导航
政策法规
政策法规文件
政策法规解读
服务中心
培训交流
微信订阅
意见建议
调查征集
关于我们
首页 > 交易公开 > 政府采购
佳县通镇罗山村崔家峁村组道路硬化工程采购结果公告
采购项目编号：LTJX-2026-0801
信息来源：
全国公共资源交易平台（陕西省）
采购/资审公告
中标公告
采购合同
更正事项
佳县通镇罗山村崔家峁村组道路硬化工程采购公告
2026-08-27
佳县通镇罗山村崔家峁村组道路硬化工程采购结果公告
2026-09-10
暂无数据
暂无数据
网站地图
|
网站声明
|
添加收藏
|
联系我们
主办：国家信息中心 指导单位： 国家发展和改革委员会
网站标识码：bm04000008
京ICP备05052393号-9
京公网安备11010202007733号
地址：北京西城区三里河路58号 邮政编码：100045",,,,,,,,,,,,,,,,,,,,
0051ee6754368a504a6592ac1749e3ad1844,2026-09-10,政府采购,采购合同,四川省,,,实验小学附属幼儿园设施设备采购(二次),https://www.ggzy.gov.cn/information/deal/html/a/510000/0203/20260910/0051ee6754368a504a6592ac1749e3ad1844.html,实验小学附属幼儿园设施设备采购(二次),采购合同,N5119212026000045,2026-09-10,https://www.ggzy.gov.cn/information/deal/html/a/510000/0203/20260910/0051ee6754368a504a6592ac1749e3ad1844.html,四川省,2026-09-10 14:26:51,医疗卫生,四川省,,default,,,,"实验小学附属幼儿园设施设备采购(二次)_交易公开_国家公共资源交易平台
政府网站工作年度报表
服务号
首页
机构职能
交易公开
工程建设
政府采购
土地使用权
矿业权
国有产权
碳排放权
排污权
药品采购
二类疫苗
林权
其他
交易诚信
违法违规
奖励信息
数据服务
交易统计
平台导航
政策法规
政策法规文件
政策法规解读
服务中心
培训交流
微信订阅
意见建议
调查征集
关于我们
首页 > 交易公开 > 政府采购
实验小学附属幼儿园设施设备采购(二次)
采购项目编号：N5119212026000045
信息来源：
四川省
采购/资审公告
中标公告
采购合同
更正事项
通江县实验小学实验小学附属幼儿园设施设备采购(二次)竞争性谈判公告
2026-05-09
通江县实验小学实验小学附属幼儿园设施设备采购竞争性谈判公告
2026-04-24
通江县实验小学实验小学附属幼儿园设施设备采购(二次)中标（成交）结果公告
2026-05-15
通江县实验小学实验小学附属幼儿园设施设备采购中标（成交）结果公告
2026-04-30
实验小学附属幼儿园设施设备采购(二次)
2026-09-10
通江县实验小学实验小学附属幼儿园设施设备采购结果更正公告（第一次）
2026-05-09
网站地图
|
网站声明
|
添加收藏
|
联系我们
主办：国家信息中心 指导单位： 国家发展和改革委员会
网站标识码：bm04000008
京ICP备05052393号-9
京公网安备11010202007733号
地址：北京西城区三里河路58号 邮政编码：100045",,,,,,,,,,,,,,,,,,,,
00517ded3be01faa4acb936dfb1160f4bbbe,2026-09-10,政府采购,采购合同,四川省,,,达州市公安局LED显示屏直接选定采购合同,https://www.ggzy.gov.cn/information/deal/html/a/510000/0203/20260910/00517ded3be01faa4acb936dfb1160f4bbbe.html,达州市公安局LED显示屏直接选定采购合同,采购合同,DD-2026-328421,2026-09-10,https://www.ggzy.gov.cn/information/deal/html/a/510000/0203/20260910/00517ded3be01faa4acb936dfb1160f4bbbe.html,四川省,2026-09-10 14:26:52,医疗卫生,四川省,,default,,,,"达州市公安局LED显示屏直接选定采购合同_交易公开_国家公共资源交易平台
政府网站工作年度报表
服务号
首页
机构职能
交易公开
工程建设
政府采购
土地使用权
矿业权
国有产权
碳排放权
排污权
药品采购
二类疫苗
林权
其他
交易诚信
违法违规
奖励信息
数据服务
交易统计
平台导航
政策法规
政策法规文件
政策法规解读
服务中心
培训交流
微信订阅
意见建议
调查征集
关于我们
首页 > 交易公开 > 政府采购
达州市公安局LED显示屏直接选定采购合同
采购项目编号：DD-2026-328421
信息来源：
四川省
采购/资审公告
中标公告
采购合同
更正事项
暂无数据
暂无数据
达州市公安局LED显示屏直接选定采购合同
2026-09-10
暂无数据
网站地图
|
网站声明
|
添加收藏
|
联系我们
主办：国家信息中心 指导单位： 国家发展和改革委员会
网站标识码：bm04000008
京ICP备05052393号-9
京公网安备11010202007733号
地址：北京西城区三里河路58号 邮政编码：100045",,,,,,,,,,,,,,,,,,,,
005177cc7ec1a1b64bc8ae77f70b58d2fddf,2026-09-10,政府采购,采购合同,四川省,,,达州市公安局台式计算机直接选定采购合同,https://www.ggzy.gov.cn/information/deal/html/a/510000/0203/20260910/005177cc7ec1a1b64bc8ae77f70b58d2fddf.html,达州市公安局台式计算机直接选定采购合同,采购合同,DD-2026-348874,2026-09-10,https://www.ggzy.gov.cn/information/deal/html/a/510000/0203/20260910/005177cc7ec1a1b64bc8ae77f70b58d2fddf.html,四川省,2026-09-10 14:26:53,医疗卫生,四川省,,default,,,,"达州市公安局台式计算机直接选定采购合同_交易公开_国家公共资源交易平台
政府网站工作年度报表
服务号
首页
机构职能
交易公开
工程建设
政府采购
土地使用权
矿业权
国有产权
碳排放权
排污权
药品采购
二类疫苗
林权
其他
交易诚信
违法违规
奖励信息
数据服务
交易统计
平台导航
政策法规
政策法规文件
政策法规解读
服务中心
培训交流
微信订阅
意见建议
调查征集
关于我们
首页 > 交易公开 > 政府采购
达州市公安局台式计算机直接选定采购合同
采购项目编号：DD-2026-348874
信息来源：
四川省
采购/资审公告
中标公告
采购合同
更正事项
暂无数据
暂无数据
达州市公安局台式计算机直接选定采购合同
2026-09-10
暂无数据
网站地图
|
网站声明
|
添加收藏
|
联系我们
主办：国家信息中心 指导单位： 国家发展和改革委员会
网站标识码：bm04000008
京ICP备05052393号-9
京公网安备11010202007733号
地址：北京西城区三里河路58号 邮政编码：100045",,,,,,,,,,,,,,,,,,,,
00512d1f34d73af64bab94fea0fbb92083b8,2026-09-10,政府采购,采购合同,四川省,,,达州市公安局液晶显示器直接选定采购合同,https://www.ggzy.gov.cn/information/deal/html/a/510000/0203/20260910/00512d1f34d73af64bab94fea0fbb92083b8.html,达州市公安局液晶显示器直接选定采购合同,采购合同,DD-2026-348877,2026-09-10,https://www.ggzy.gov.cn/information/deal/html/a/510000/0203/20260910/00512d1f34d73af64bab94fea0fbb92083b8.html,四川省,2026-09-10 14:26:54,医疗卫生,四川省,,default,,,,"达州市公安局液晶显示器直接选定采购合同_交易公开_国家公共资源交易平台
政府网站工作年度报表
服务号
首页
机构职能
交易公开
工程建设
政府采购
土地使用权
矿业权
国有产权
碳排放权
排污权
药品采购
二类疫苗
林权
其他
交易诚信
违法违规
奖励信息
数据服务
交易统计
平台导航
政策法规
政策法规文件
政策法规解读
服务中心
培训交流
微信订阅
意见建议
调查征集
关于我们
首页 > 交易公开 > 政府采购
达州市公安局液晶显示器直接选定采购合同
采购项目编号：DD-2026-348877
信息来源：
四川省
采购/资审公告
中标公告
采购合同
更正事项
暂无数据
暂无数据
达州市公安局液晶显示器直接选定采购合同
2026-09-10
暂无数据
网站地图
|
网站声明
|
添加收藏
|
联系我们
主办：国家信息中心 指导单位： 国家发展和改革委员会
网站标识码：bm04000008
京ICP备05052393号-9
京公网安备11010202007733号
地址：北京西城区三里河路58号 邮政编码：100045",,,,,,,,,,,,,,,,,,,,
00511eda6af2ff314e09a5be5f0a7beecae1,2026-09-10,政府采购,采购合同,四川省,,,达州市公安局碎纸机直接选定采购合同,https://www.ggzy.gov.cn/information/deal/html/a/510000/0203/20260910/00511eda6af2ff314e09a5be5f0a7beecae1.html,达州市公安局碎纸机直接选定采购合同,采购合同,DD-2026-348875,2026-09-10,https://www.ggzy.gov.cn/information/deal/html/a/510000/0203/20260910/00511eda6af2ff314e09a5be5f0a7beecae1.html,四川省,2026-09-10 14:26:56,医疗卫生,四川省,,default,,,,"达州市公安局碎纸机直接选定采购合同_交易公开_国家公共资源交易平台
政府网站工作年度报表
服务号
首页
机构职能
交易公开
工程建设
政府采购
土地使用权
矿业权
国有产权
碳排放权
排污权
药品采购
二类疫苗
林权
其他
交易诚信
违法违规
奖励信息
数据服务
交易统计
平台导航
政策法规
政策法规文件
政策法规解读
服务中心
培训交流
微信订阅
意见建议
调查征集
关于我们
首页 > 交易公开 > 政府采购
达州市公安局碎纸机直接选定采购合同
采购项目编号：DD-2026-348875
信息来源：
四川省
采购/资审公告
中标公告
采购合同
更正事项
暂无数据
暂无数据
达州市公安局碎纸机直接选定采购合同
2026-09-10
暂无数据
网站地图
|
网站声明
|
添加收藏
|
联系我们
主办：国家信息中心 指导单位： 国家发展和改革委员会
网站标识码：bm04000008
京ICP备05052393号-9
京公网安备11010202007733号
地址：北京西城区三里河路58号 邮政编码：100045",,,,,,,,,,,,,,,,,,,,
00460d3e1e83833c4085909a82f54c52281c,2026-09-10,政府采购,采购合同,海南省,,,保亭黎族苗族自治县2025年六弓乡田圮田洋等水毁渠道项目,https://www.ggzy.gov.cn/information/deal/html/a/460000/0203/20260910/00460d3e1e83833c4085909a82f54c52281c.html,保亭黎族苗族自治县2025年六弓乡田圮田洋等水毁渠道项目,采购合同,,2026-09-10,https://www.ggzy.gov.cn/information/deal/html/a/460000/0203/20260910/00460d3e1e83833c4085909a82f54c52281c.html,海南省,2026-09-10 14:26:57,医疗卫生,海南省,,default,,,,"保亭黎族苗族自治县2025年六弓乡田圮田洋等水毁渠道项目_交易公开_国家公共资源交易平台
政府网站工作年度报表
服务号
首页
机构职能
交易公开
工程建设
政府采购
土地使用权
矿业权
国有产权
碳排放权
排污权
药品采购
二类疫苗
林权
其他
交易诚信
违法违规
奖励信息
数据服务
交易统计
平台导航
政策法规
政策法规文件
政策法规解读
服务中心
培训交流
微信订阅
意见建议
调查征集
关于我们
首页 > 交易公开 > 政府采购
保亭黎族苗族自治县2025年六弓乡田圮田洋等水毁渠道项目
采购项目编号：[TZC招字]20260700001[CS]
信息来源：
海南省
采购/资审公告
中标公告
采购合同
更正事项
保亭黎族苗族自治县2025年六弓乡田圮田洋等水毁渠道项目竞争性磋商公告
2026-07-22
暂无数据
保亭黎族苗族自治县2025年六弓乡田圮田洋等水毁渠道项目
2026-09-10
暂无数据
网站地图
|
网站声明
|
添加收藏
|
联系我们
主办：国家信息中心 指导单位： 国家发展和改革委员会
网站标识码：bm04000008
京ICP备05052393号-9
京公网安备11010202007733号
地址：北京西城区三里河路58号 邮政编码：100045",,,,,,,,,,,,,,,,,,,,
0051cb5e8a35bf944818b36a286fe5dec603,2026-09-10,政府采购,采购合同,四川省,,,平昌县第二人民医院机动车保险服务直接选定采购合同,https://www.ggzy.gov.cn/information/deal/html/a/510000/0203/20260910/0051cb5e8a35bf944818b36a286fe5dec603.html,平昌县第二人民医院机动车保险服务直接选定采购合同,采购合同,ZJXD-202609511923585046,2026-09-10,https://www.ggzy.gov.cn/information/deal/html/a/510000/0203/20260910/0051cb5e8a35bf944818b36a286fe5dec603.html,四川省,2026-09-10 14:26:58,医疗卫生,四川省,,default,,,,"平昌县第二人民医院机动车保险服务直接选定采购合同_交易公开_国家公共资源交易平台
政府网站工作年度报表
服务号
首页
机构职能
交易公开
工程建设
政府采购
土地使用权
矿业权
国有产权
碳排放权
排污权
药品采购
二类疫苗
林权
其他
交易诚信
违法违规
奖励信息
数据服务
交易统计
平台导航
政策法规
政策法规文件
政策法规解读
服务中心
培训交流
微信订阅
意见建议
调查征集
关于我们
首页 > 交易公开 > 政府采购
平昌县第二人民医院机动车保险服务直接选定采购合同
采购项目编号：ZJXD-202609511923585046
信息来源：
四川省
采购/资审公告
中标公告
采购合同
更正事项
暂无数据
暂无数据
平昌县第二人民医院机动车保险服务直接选定采购合同
2026-09-10
暂无数据
网站地图
|
网站声明
|
添加收藏
|
联系我们
主办：国家信息中心 指导单位： 国家发展和改革委员会
网站标识码：bm04000008
京ICP备05052393号-9
京公网安备11010202007733号
地址：北京西城区三里河路58号 邮政编码：100045",,,,,,,,,,,,,,,,,,,,
0051d98a602bd65a46d49270e34189fbd931,2026-09-10,政府采购,采购合同,四川省,,,2026年四川“百城千乡万村（社区）”乐山全民健身系列赛事活动项目,https://www.ggzy.gov.cn/information/deal/html/a/510000/0203/20260910/0051d98a602bd65a46d49270e34189fbd931.html,2026年四川“百城千乡万村（社区）”乐山全民健身系列赛事活动项目,采购合同,N5111012026000244,2026-09-10,https://www.ggzy.gov.cn/information/deal/html/a/510000/0203/20260910/0051d98a602bd65a46d49270e34189fbd931.html,四川省,2026-09-10 14:27:00,医疗卫生,四川省,,default,,,,"2026年四川“百城千乡万村（社区）”乐山全民健身系列赛事活动项目_交易公开_国家公共资源交易平台
政府网站工作年度报表
服务号
首页
机构职能
交易公开
工程建设
政府采购
土地使用权
矿业权
国有产权
碳排放权
排污权
药品采购
二类疫苗
林权
其他
交易诚信
违法违规
奖励信息
数据服务
交易统计
平台导航
政策法规
政策法规文件
政策法规解读
服务中心
培训交流
微信订阅
意见建议
调查征集
关于我们
首页 > 交易公开 > 政府采购
2026年四川“百城千乡万村（社区）”乐山全民健身系列赛事活动项目
采购项目编号：N5111012026000244
信息来源：
四川省
采购/资审公告
中标公告
采购合同
更正事项
乐山市体育局2026年四川“百城千乡万村（社区）”乐山全民健身系列赛事活动项目竞争性磋商公告
2026-07-30
乐山市体育局2026年四川“百城千乡万村（社区）”乐山全民健身系列赛事活动项目中标（成交）结果公告
2026-08-12
2026年四川“百城千乡万村（社区）”乐山全民健身系列赛事活动项目
2026-09-10
2026年四川“百城千乡万村（社区）”乐山全民健身系列赛事活动项目
2026-09-10
2026年四川“百城千乡万村（社区）”乐山全民健身系列赛事活动项目
2026-09-10
2026年四川“百城千乡万村（社区）”乐山全民健身系列赛事活动项目
2026-09-10
2026年四川“百城千乡万村（社区）”乐山全民健身系列赛事活动项目
2026-09-10
2026年四川“百城千乡万村（社区）”乐山全民健身系列赛事活动项目
2026-09-10
2026年四川“百城千乡万村（社区）”乐山全民健身系列赛事活动项目
2026-09-10
2026年四川“百城千乡万村（社区）”乐山全民健身系列赛事活动项目
2026-09-10
2026年四川“百城千乡万村（社区）”乐山全民健身系列赛事活动项目
2026-09-10
暂无数据
网站地图
|
网站声明
|
添加收藏
|
联系我们
主办：国家信息中心 指导单位： 国家发展和改革委员会
网站标识码：bm04000008
京ICP备05052393号-9
京公网安备11010202007733号
地址：北京西城区三里河路58号 邮政编码：100045",,,,,,,,,,,,,,,,,,,,
0051bf1388163d5442e8a634568140259f47,2026-09-10,政府采购,采购合同,四川省,,,成都市双流区建设工程质量监督站白蚁防治服务采购项目,https://www.ggzy.gov.cn/information/deal/html/a/510000/0203/20260910/0051bf1388163d5442e8a634568140259f47.html,成都市双流区建设工程质量监督站白蚁防治服务采购项目,采购合同,N5101162024000388,2026-09-10,https://www.ggzy.gov.cn/information/deal/html/a/510000/0203/20260910/0051bf1388163d5442e8a634568140259f47.html,四川省,2026-09-10 14:27:01,医疗卫生,四川省,,default,,,,"成都市双流区建设工程质量监督站白蚁防治服务采购项目_交易公开_国家公共资源交易平台
政府网站工作年度报表
服务号
首页
机构职能
交易公开
工程建设
政府采购
土地使用权
矿业权
国有产权
碳排放权
排污权
药品采购
二类疫苗
林权
其他
交易诚信
违法违规
奖励信息
数据服务
交易统计
平台导航
政策法规
政策法规文件
政策法规解读
服务中心
培训交流
微信订阅
意见建议
调查征集
关于我们
首页 > 交易公开 > 政府采购
成都市双流区建设工程质量监督站白蚁防治服务采购项目
采购项目编号：N5101162024000388
信息来源：
四川省
采购/资审公告
中标公告
采购合同
更正事项
暂无数据
暂无数据
成都市双流区建设工程质量监督站白蚁防治服务采购项目
2026-09-10
成都市双流区建设工程质量监督站白蚁防治服务采购项目 政府采购合同
2025-09-11
暂无数据
网站地图
|
网站声明
|
添加收藏
|
联系我们
主办：国家信息中心 指导单位： 国家发展和改革委员会
网站标识码：bm04000008
京ICP备05052393号-9
京公网安备11010202007733号
地址：北京西城区三里河路58号 邮政编码：100045",,,,,,,,,,,,,,,,,,,,
0013ba0c9be6a1004f238e4e25651761346c,2026-09-10,政府采购,采购/资审公告,河北省,,邢台市公共资源交易中心,食品和工业产品质量监督抽检项目1-3标段招标公告,https://www.ggzy.gov.cn/information/deal/html/a/130000/0201/20260910/0013ba0c9be6a1004f238e4e25651761346c.html,食品和工业产品质量监督抽检项目1-3标段招标公告,采购/资审公告,E1305000201Z03276001,2026-09-10,https://www.ggzy.gov.cn/information/deal/html/a/130000/0201/20260910/0013ba0c9be6a1004f238e4e25651761346c.html,邢台市公共资源交易中心,2026-09-10 14:27:02,医疗卫生,河北省,,default,,,,"食品和工业产品质量监督抽检项目1-3标段招标公告_交易公开_国家公共资源交易平台
政府网站工作年度报表
服务号
首页
机构职能
交易公开
工程建设
政府采购
土地使用权
矿业权
国有产权
碳排放权
排污权
药品采购
二类疫苗
林权
其他
交易诚信
违法违规
奖励信息
数据服务
交易统计
平台导航
政策法规
政策法规文件
政策法规解读
服务中心
培训交流
微信订阅
意见建议
调查征集
关于我们
首页 > 交易公开 > 政府采购
食品和工业产品质量监督抽检项目1-3标段招标公告
采购项目编号：E1305000201Z03276001
信息来源：
邢台市公共资源交易中心
采购/资审公告
中标公告
采购合同
更正事项
食品和工业产品质量监督抽检项目1-3标段招标公告
2026-09-10
暂无数据
暂无数据
暂无数据
网站地图
|
网站声明
|
添加收藏
|
联系我们
主办：国家信息中心 指导单位： 国家发展和改革委员会
网站标识码：bm04000008
京ICP备05052393号-9
京公网安备11010202007733号
地址：北京西城区三里河路58号 邮政编码：100045",,,,,,,,,,,,,,,,,,,,
0051e3bd1c58d3594e83bc1aaf593a39c43a,2026-09-10,政府采购,采购合同,四川省,,,2026年四川“百城千乡万村（社区）”乐山全民健身系列赛事活动项目,https://www.ggzy.gov.cn/information/deal/html/a/510000/0203/20260910/0051e3bd1c58d3594e83bc1aaf593a39c43a.html,2026年四川“百城千乡万村（社区）”乐山全民健身系列赛事活动项目,采购合同,N5111012026000244,2026-09-10,https://www.ggzy.gov.cn/information/deal/html/a/510000/0203/20260910/0051e3bd1c58d3594e83bc1aaf593a39c43a.html,四川省,2026-09-10 14:27:03,医疗卫生,四川省,,default,,,,"2026年四川“百城千乡万村（社区）”乐山全民健身系列赛事活动项目_交易公开_国家公共资源交易平台
政府网站工作年度报表
服务号
首页
机构职能
交易公开
工程建设
政府采购
土地使用权
矿业权
国有产权
碳排放权
排污权
药品采购
二类疫苗
林权
其他
交易诚信
违法违规
奖励信息
数据服务
交易统计
平台导航
政策法规
政策法规文件
政策法规解读
服务中心
培训交流
微信订阅
意见建议
调查征集
关于我们
首页 > 交易公开 > 政府采购
2026年四川“百城千乡万村（社区）”乐山全民健身系列赛事活动项目
采购项目编号：N5111012026000244
信息来源：
四川省
采购/资审公告
中标公告
采购合同
更正事项
乐山市体育局2026年四川“百城千乡万村（社区）”乐山全民健身系列赛事活动项目竞争性磋商公告
2026-07-30
乐山市体育局2026年四川“百城千乡万村（社区）”乐山全民健身系列赛事活动项目中标（成交）结果公告
2026-08-12
2026年四川“百城千乡万村（社区）”乐山全民健身系列赛事活动项目
2026-09-10
2026年四川“百城千乡万村（社区）”乐山全民健身系列赛事活动项目
2026-09-10
2026年四川“百城千乡万村（社区）”乐山全民健身系列赛事活动项目
2026-09-10
2026年四川“百城千乡万村（社区）”乐山全民健身系列赛事活动项目
2026-09-10
2026年四川“百城千乡万村（社区）”乐山全民健身系列赛事活动项目
2026-09-10
2026年四川“百城千乡万村（社区）”乐山全民健身系列赛事活动项目
2026-09-10
2026年四川“百城千乡万村（社区）”乐山全民健身系列赛事活动项目
2026-09-10
2026年四川“百城千乡万村（社区）”乐山全民健身系列赛事活动项目
2026-09-10
2026年四川“百城千乡万村（社区）”乐山全民健身系列赛事活动项目
2026-09-10
暂无数据
网站地图
|
网站声明
|
添加收藏
|
联系我们
主办：国家信息中心 指导单位： 国家发展和改革委员会
网站标识码：bm04000008
京ICP备05052393号-9
京公网安备11010202007733号
地址：北京西城区三里河路58号 邮政编码：100045",,,,,,,,,,,,,,,,,,,,
0051d6911da2544a48378fd96084e7296d57,2026-09-10,政府采购,采购合同,四川省,,,2026年四川“百城千乡万村（社区）”乐山全民健身系列赛事活动项目,https://www.ggzy.gov.cn/information/deal/html/a/510000/0203/20260910/0051d6911da2544a48378fd96084e7296d57.html,2026年四川“百城千乡万村（社区）”乐山全民健身系列赛事活动项目,采购合同,N5111012026000244,2026-09-10,https://www.ggzy.gov.cn/information/deal/html/a/510000/0203/20260910/0051d6911da2544a48378fd96084e7296d57.html,四川省,2026-09-10 14:27:04,医疗卫生,四川省,,default,,,,"2026年四川“百城千乡万村（社区）”乐山全民健身系列赛事活动项目_交易公开_国家公共资源交易平台
政府网站工作年度报表
服务号
首页
机构职能
交易公开
工程建设
政府采购
土地使用权
矿业权
国有产权
碳排放权
排污权
药品采购
二类疫苗
林权
其他
交易诚信
违法违规
奖励信息
数据服务
交易统计
平台导航
政策法规
政策法规文件
政策法规解读
服务中心
培训交流
微信订阅
意见建议
调查征集
关于我们
首页 > 交易公开 > 政府采购
2026年四川“百城千乡万村（社区）”乐山全民健身系列赛事活动项目
采购项目编号：N5111012026000244
信息来源：
四川省
采购/资审公告
中标公告
采购合同
更正事项
乐山市体育局2026年四川“百城千乡万村（社区）”乐山全民健身系列赛事活动项目竞争性磋商公告
2026-07-30
乐山市体育局2026年四川“百城千乡万村（社区）”乐山全民健身系列赛事活动项目中标（成交）结果公告
2026-08-12
2026年四川“百城千乡万村（社区）”乐山全民健身系列赛事活动项目
2026-09-10
2026年四川“百城千乡万村（社区）”乐山全民健身系列赛事活动项目
2026-09-10
2026年四川“百城千乡万村（社区）”乐山全民健身系列赛事活动项目
2026-09-10
2026年四川“百城千乡万村（社区）”乐山全民健身系列赛事活动项目
2026-09-10
2026年四川“百城千乡万村（社区）”乐山全民健身系列赛事活动项目
2026-09-10
2026年四川“百城千乡万村（社区）”乐山全民健身系列赛事活动项目
2026-09-10
2026年四川“百城千乡万村（社区）”乐山全民健身系列赛事活动项目
2026-09-10
2026年四川“百城千乡万村（社区）”乐山全民健身系列赛事活动项目
2026-09-10
2026年四川“百城千乡万村（社区）”乐山全民健身系列赛事活动项目
2026-09-10
暂无数据
网站地图
|
网站声明
|
添加收藏
|
联系我们
主办：国家信息中心 指导单位： 国家发展和改革委员会
网站标识码：bm04000008
京ICP备05052393号-9
京公网安备11010202007733号
地址：北京西城区三里河路58号 邮政编码：100045",,,,,,,,,,,,,,,,,,,,
0051a06e39257dd243f390f5d479b0469082,2026-09-10,政府采购,采购合同,四川省,,,2026年四川“百城千乡万村（社区）”乐山全民健身系列赛事活动项目,https://www.ggzy.gov.cn/information/deal/html/a/510000/0203/20260910/0051a06e39257dd243f390f5d479b0469082.html,2026年四川“百城千乡万村（社区）”乐山全民健身系列赛事活动项目,采购合同,N5111012026000244,2026-09-10,https://www.ggzy.gov.cn/information/deal/html/a/510000/0203/20260910/0051a06e39257dd243f390f5d479b0469082.html,四川省,2026-09-10 14:27:06,医疗卫生,四川省,,default,,,,"2026年四川“百城千乡万村（社区）”乐山全民健身系列赛事活动项目_交易公开_国家公共资源交易平台
政府网站工作年度报表
服务号
首页
机构职能
交易公开
工程建设
政府采购
土地使用权
矿业权
国有产权
碳排放权
排污权
药品采购
二类疫苗
林权
其他
交易诚信
违法违规
奖励信息
数据服务
交易统计
平台导航
政策法规
政策法规文件
政策法规解读
服务中心
培训交流
微信订阅
意见建议
调查征集
关于我们
首页 > 交易公开 > 政府采购
2026年四川“百城千乡万村（社区）”乐山全民健身系列赛事活动项目
采购项目编号：N5111012026000244
信息来源：
四川省
采购/资审公告
中标公告
采购合同
更正事项
乐山市体育局2026年四川“百城千乡万村（社区）”乐山全民健身系列赛事活动项目竞争性磋商公告
2026-07-30
乐山市体育局2026年四川“百城千乡万村（社区）”乐山全民健身系列赛事活动项目中标（成交）结果公告
2026-08-12
2026年四川“百城千乡万村（社区）”乐山全民健身系列赛事活动项目
2026-09-10
2026年四川“百城千乡万村（社区）”乐山全民健身系列赛事活动项目
2026-09-10
2026年四川“百城千乡万村（社区）”乐山全民健身系列赛事活动项目
2026-09-10
2026年四川“百城千乡万村（社区）”乐山全民健身系列赛事活动项目
2026-09-10
2026年四川“百城千乡万村（社区）”乐山全民健身系列赛事活动项目
2026-09-10
2026年四川“百城千乡万村（社区）”乐山全民健身系列赛事活动项目
2026-09-10
2026年四川“百城千乡万村（社区）”乐山全民健身系列赛事活动项目
2026-09-10
2026年四川“百城千乡万村（社区）”乐山全民健身系列赛事活动项目
2026-09-10
2026年四川“百城千乡万村（社区）”乐山全民健身系列赛事活动项目
2026-09-10
暂无数据
网站地图
|
网站声明
|
添加收藏
|
联系我们
主办：国家信息中心 指导单位： 国家发展和改革委员会
网站标识码：bm04000008
京ICP备05052393号-9
京公网安备11010202007733号
地址：北京西城区三里河路58号 邮政编码：100045",,,,,,,,,,,,,,,,,,,,
00510d8c1c67ed7349dfa2ed73a5988f513c,2026-09-10,政府采购,采购合同,四川省,,,2026年四川“百城千乡万村（社区）”乐山全民健身系列赛事活动项目,https://www.ggzy.gov.cn/information/deal/html/a/510000/0203/20260910/00510d8c1c67ed7349dfa2ed73a5988f513c.html,2026年四川“百城千乡万村（社区）”乐山全民健身系列赛事活动项目,采购合同,N5111012026000244,2026-09-10,https://www.ggzy.gov.cn/information/deal/html/a/510000/0203/20260910/00510d8c1c67ed7349dfa2ed73a5988f513c.html,四川省,2026-09-10 14:27:07,医疗卫生,四川省,,default,,,,"2026年四川“百城千乡万村（社区）”乐山全民健身系列赛事活动项目_交易公开_国家公共资源交易平台
政府网站工作年度报表
服务号
首页
机构职能
交易公开
工程建设
政府采购
土地使用权
矿业权
国有产权
碳排放权
排污权
药品采购
二类疫苗
林权
其他
交易诚信
违法违规
奖励信息
数据服务
交易统计
平台导航
政策法规
政策法规文件
政策法规解读
服务中心
培训交流
微信订阅
意见建议
调查征集
关于我们
首页 > 交易公开 > 政府采购
2026年四川“百城千乡万村（社区）”乐山全民健身系列赛事活动项目
采购项目编号：N5111012026000244
信息来源：
四川省
采购/资审公告
中标公告
采购合同
更正事项
乐山市体育局2026年四川“百城千乡万村（社区）”乐山全民健身系列赛事活动项目竞争性磋商公告
2026-07-30
乐山市体育局2026年四川“百城千乡万村（社区）”乐山全民健身系列赛事活动项目中标（成交）结果公告
2026-08-12
2026年四川“百城千乡万村（社区）”乐山全民健身系列赛事活动项目
2026-09-10
2026年四川“百城千乡万村（社区）”乐山全民健身系列赛事活动项目
2026-09-10
2026年四川“百城千乡万村（社区）”乐山全民健身系列赛事活动项目
2026-09-10
2026年四川“百城千乡万村（社区）”乐山全民健身系列赛事活动项目
2026-09-10
2026年四川“百城千乡万村（社区）”乐山全民健身系列赛事活动项目
2026-09-10
2026年四川“百城千乡万村（社区）”乐山全民健身系列赛事活动项目
2026-09-10
2026年四川“百城千乡万村（社区）”乐山全民健身系列赛事活动项目
2026-09-10
2026年四川“百城千乡万村（社区）”乐山全民健身系列赛事活动项目
2026-09-10
2026年四川“百城千乡万村（社区）”乐山全民健身系列赛事活动项目
2026-09-10
暂无数据
网站地图
|
网站声明
|
添加收藏
|
联系我们
主办：国家信息中心 指导单位： 国家发展和改革委员会
网站标识码：bm04000008
京ICP备05052393号-9
京公网安备11010202007733号
地址：北京西城区三里河路58号 邮政编码：100045",,,,,,,,,,,,,,,,,,,,
00541cb4ffc3097043688ac73ffe0db23e86,2026-09-10,政府采购,中标公告,西藏自治区,,,西藏自治区那曲市藏羚羊种群及栖息地资源调查监测项目中标（成交）结果公告,https://www.ggzy.gov.cn/information/deal/html/a/540000/0202/20260910/00541cb4ffc3097043688ac73ffe0db23e86.html,西藏自治区那曲市藏羚羊种群及栖息地资源调查监测项目中标（成交）结果公告,中标公告,GZFCG2026-35645,2026-09-10,https://www.ggzy.gov.cn/information/deal/html/a/540000/0202/20260910/00541cb4ffc3097043688ac73ffe0db23e86.html,西藏自治区,2026-09-10 14:27:08,医疗卫生,西藏省/那曲市,,default,,,,"西藏自治区那曲市藏羚羊种群及栖息地资源调查监测项目中标（成交）结果公告_交易公开_国家公共资源交易平台
政府网站工作年度报表
服务号
首页
机构职能
交易公开
工程建设
政府采购
土地使用权
矿业权
国有产权
碳排放权
排污权
药品采购
二类疫苗
林权
其他
交易诚信
违法违规
奖励信息
数据服务
交易统计
平台导航
政策法规
政策法规文件
政策法规解读
服务中心
培训交流
微信订阅
意见建议
调查征集
关于我们
首页 > 交易公开 > 政府采购
西藏自治区那曲市藏羚羊种群及栖息地资源调查监测项目中标（成交）结果公告
采购项目编号：GZFCG2026-35645
信息来源：
西藏自治区
采购/资审公告
中标公告
采购合同
更正事项
西藏自治区那曲市藏羚羊种群及栖息地资源调查监测项目磋商邀请书
2026-08-28
西藏自治区那曲市藏羚羊种群及栖息地资源调查监测项目中标（成交）结果公告
2026-09-10
暂无数据
西藏自治区那曲市藏羚羊种群及栖息地资源调查监测项目更正公告
2026-09-02
网站地图
|
网站声明
|
添加收藏
|
联系我们
主办：国家信息中心 指导单位： 国家发展和改革委员会
网站标识码：bm04000008
京ICP备05052393号-9
京公网安备11010202007733号
地址：北京西城区三里河路58号 邮政编码：100045",,,,,,,,,,,,,,,,,,,,
0051e41e67785e934f91b7f0d5484d15dd9d,2026-09-10,政府采购,采购合同,四川省,,,2026年四川“百城千乡万村（社区）”乐山全民健身系列赛事活动项目,https://www.ggzy.gov.cn/information/deal/html/a/510000/0203/20260910/0051e41e67785e934f91b7f0d5484d15dd9d.html,2026年四川“百城千乡万村（社区）”乐山全民健身系列赛事活动项目,采购合同,N5111012026000244,2026-09-10,https://www.ggzy.gov.cn/information/deal/html/a/510000/0203/20260910/0051e41e67785e934f91b7f0d5484d15dd9d.html,四川省,2026-09-10 14:27:09,医疗卫生,四川省,,default,,,,"2026年四川“百城千乡万村（社区）”乐山全民健身系列赛事活动项目_交易公开_国家公共资源交易平台
政府网站工作年度报表
服务号
首页
机构职能
交易公开
工程建设
政府采购
土地使用权
矿业权
国有产权
碳排放权
排污权
药品采购
二类疫苗
林权
其他
交易诚信
违法违规
奖励信息
数据服务
交易统计
平台导航
政策法规
政策法规文件
政策法规解读
服务中心
培训交流
微信订阅
意见建议
调查征集
关于我们
首页 > 交易公开 > 政府采购
2026年四川“百城千乡万村（社区）”乐山全民健身系列赛事活动项目
采购项目编号：N5111012026000244
信息来源：
四川省
采购/资审公告
中标公告
采购合同
更正事项
乐山市体育局2026年四川“百城千乡万村（社区）”乐山全民健身系列赛事活动项目竞争性磋商公告
2026-07-30
乐山市体育局2026年四川“百城千乡万村（社区）”乐山全民健身系列赛事活动项目中标（成交）结果公告
2026-08-12
2026年四川“百城千乡万村（社区）”乐山全民健身系列赛事活动项目
2026-09-10
2026年四川“百城千乡万村（社区）”乐山全民健身系列赛事活动项目
2026-09-10
2026年四川“百城千乡万村（社区）”乐山全民健身系列赛事活动项目
2026-09-10
2026年四川“百城千乡万村（社区）”乐山全民健身系列赛事活动项目
2026-09-10
2026年四川“百城千乡万村（社区）”乐山全民健身系列赛事活动项目
2026-09-10
2026年四川“百城千乡万村（社区）”乐山全民健身系列赛事活动项目
2026-09-10
2026年四川“百城千乡万村（社区）”乐山全民健身系列赛事活动项目
2026-09-10
2026年四川“百城千乡万村（社区）”乐山全民健身系列赛事活动项目
2026-09-10
2026年四川“百城千乡万村（社区）”乐山全民健身系列赛事活动项目
2026-09-10
暂无数据
网站地图
|
网站声明
|
添加收藏
|
联系我们
主办：国家信息中心 指导单位： 国家发展和改革委员会
网站标识码：bm04000008
京ICP备05052393号-9
京公网安备11010202007733号
地址：北京西城区三里河路58号 邮政编码：100045",,,,,,,,,,,,,,,,,,,,
