notice_title,notice_type,project_code,publish_time,admin_region,buyer_name,buyer_address,buyer_contact,agent_name,agent_address,agent_contact,attach_file_names,attach_json,notice_url,crawl_time,purchase_method,budget,budget_source,terminate_reason,change_item,win_total_amount,judge_experts,agent_service_fee,win_supplier,proposed_supplier,single_source_reason,publicity_period,open_bid_time,contact_name,contact_tel
国家体育总局体育器材装备中心关于国家体育总局登山中心滑雪登山国家队专项器材单一来源采购的单一来源公告,单一来源公示,,2026年08月18日 15:42,北京市,国家体育总局登山运动管理中心,北京市东城区体育馆路9号,010-87182692,国家体育总局体育器材装备中心,北京市东城区体育馆路3号620,010-87182635,,,https://www.ccgp.gov.cn/cggg/zygg/dylygg/./202608/t20260818_27154065.htm,2026-09-09 16:27:30,单一来源采购,158.5,table,,,,,,,,,,,,
教育部体育卫生与艺术教育司单一来源采购2026年全国青少年校园足球教练员国家级专项培训项目征求意见公示,单一来源公示,,2026年08月18日 14:44,北京市,体育卫生与艺术教育司,北京市西城区金融街街道大木仓胡同35号院,13765102607,无,无,无,"（1）单一来源采购专家论证意见表.pdf,（3）单一来源采购专家论证意见表.pdf,（2）单一来源采购专家论证意见表.pdf","[{""attach_name"": ""（1）单一来源采购专家论证意见表.pdf"", ""attach_url"": ""https://download.ccgp.gov.cn/oss/download?uuid=47a6ed26-fa19-441c-8fcd-9d9213""}, {""attach_name"": ""（3）单一来源采购专家论证意见表.pdf"", ""attach_url"": ""https://download.ccgp.gov.cn/oss/download?uuid=6fa76484-ab6f-4cf8-b4c0-6e672b""}, {""attach_name"": ""（2）单一来源采购专家论证意见表.pdf"", ""attach_url"": ""https://download.ccgp.gov.cn/oss/download?uuid=5338ab37-5332-455e-ab13-5daf1d""}]",https://www.ccgp.gov.cn/cggg/zygg/dylygg/./202608/t20260818_27153128.htm,2026-09-09 16:27:30,单一来源采购,380.0,table,,,,,,,,,,,,
国家体育总局体育器材装备中心关于国家体育总局排球中心沙排国家队专项器材单一来源采购的单一来源公告,单一来源公示,,2026年08月14日 14:55,北京市,国家体育总局排球运动管理中心,北京市东城区体育馆路2号,010-87183523,国家体育总局体育器材装备中心,北京市东城区体育馆路3号620,010-87182635,,,https://www.ccgp.gov.cn/cggg/zygg/dylygg/./202608/t20260814_27134411.htm,2026-09-09 16:27:31,单一来源采购,16.64,table,,,,,,,,,,,,
国家体育总局体育器材装备中心关于国家体育总局体操中心国家体操队专项器材单一来源采购公告,单一来源公示,,2026年05月27日 11:34,北京市,国家体育总局体操运动管理中心,北京市东城区体育馆路5号,010-87182758,国家体育总局体育器材装备中心,北京市东城区体育馆路3号620,010-87182635,,,https://www.ccgp.gov.cn/cggg/zygg/dylygg/./202605/t20260527_26638031.htm,2026-09-09 16:27:31,单一来源采购,237.715,table,,,,,,,,,,,,
国家体育总局体育器材装备中心关于国家体育总局体操中心国家体操队专项器材单一来源采购公告,单一来源公示,,2026年05月08日 14:51,北京市,国家体育总局体操运动管理中心,北京市东城区体育馆路5号,010-87182962,国家体育总局体育器材装备中心,北京市东城区体育馆路3号620,010-87182635,,,https://www.ccgp.gov.cn/cggg/zygg/dylygg/./202605/t20260508_26526103.htm,2026-09-09 16:27:31,单一来源采购,131.43,table,,,,,,,,,,,,
国家体育总局体育器材装备中心关于国家体育总局排球中心沙滩排球队比赛球单一来源采购公告,单一来源公示,,2025年10月20日 15:38,北京市,国家体育总局排球运动管理中心,北京市东城区体育馆路2号,010-87183527,国家体育总局体育器材装备中心,北京市东城区体育馆路3号620,010-87182635,,,https://www.ccgp.gov.cn/cggg/zygg/dylygg/./202510/t20251020_25535880.htm,2026-09-09 16:27:31,单一来源采购,16.64,table,,,,,,,,,,,,
北京兴奋剂检测实验室特定品牌仪器及试剂耗材单一来源采购公告,单一来源公示,,2025年10月14日 17:58,北京市,北京兴奋剂检测实验室,详情见公告正文,13641374700,国家体育总局体育器材装备中心,北京市东城区体育馆路3号,010-87182686,,,https://www.ccgp.gov.cn/cggg/zygg/dylygg/./202510/t20251014_25503020.htm,2026-09-09 16:27:31,单一来源采购,1071.44,table,,,,,,,,,,,,
国家体育总局反兴奋剂中心特定品牌实验耗材采购单一来源采购公告,单一来源公示,,2025年10月10日 19:04,北京市,国家体育总局反兴奋剂中心,详情见公告正文,010-87425132,国家体育总局体育器材装备中心,北京市东城区体育馆路3号,010-87182686,,,https://www.ccgp.gov.cn/cggg/zygg/dylygg/./202510/t20251010_25476981.htm,2026-09-09 16:27:31,单一来源采购,105.3,table,,,,,,,,,,,,
国家体育总局体育器材装备中心关于国家体育总局游泳中心国家跳水队跳板单一来源采购公告,单一来源公示,,2025年09月18日 09:46,北京市,国家体育总局游泳运动管理中心,北京市东城区体育馆路2号,010-67170592,国家体育总局体育器材装备中心,北京市东城区体育馆路3号620,010-87182635,,,https://www.ccgp.gov.cn/cggg/zygg/dylygg/./202509/t20250918_25370166.htm,2026-09-09 16:27:31,单一来源采购,172.0,table,,,,,,,,,,,,
国家体育总局体育器材装备中心关于国家体育总局体操中心国家体操队护掌单一来源采购公告,单一来源公示,,2025年09月02日 17:10,北京市,国家体育总局体操运动管理中心,北京市东城区体育馆路5号,010-87182692,国家体育总局体育器材装备中心,北京市东城区体育馆路3号620,010-87182635,,,https://www.ccgp.gov.cn/cggg/zygg/dylygg/./202509/t20250902_25277796.htm,2026-09-09 16:27:31,单一来源采购,6.5,table,,,,,,,,,,,,
国家教育统计技术支持与数据服务项目单一来源公示,单一来源公示,,2025年08月06日 15:26,北京市,发展规划司,北京市西城区大木仓胡同37号,15221392310,无,无,无,"专家3.pdf,专家2.pdf,专家1.pdf","[{""attach_name"": ""专家3.pdf"", ""attach_url"": ""https://download.ccgp.gov.cn/oss/download?uuid=4eb6804d-281d-4a76-8492-340282""}, {""attach_name"": ""专家2.pdf"", ""attach_url"": ""https://download.ccgp.gov.cn/oss/download?uuid=47cd194c-30b4-4135-864f-5c233a""}, {""attach_name"": ""专家1.pdf"", ""attach_url"": ""https://download.ccgp.gov.cn/oss/download?uuid=437ace1e-04ad-41bc-a8d4-eb207d""}]",https://www.ccgp.gov.cn/cggg/zygg/dylygg/./202508/t20250806_25111166.htm,2026-09-09 16:27:31,单一来源采购,172.91,table,,,,,,,,,,,,
国家体育总局体育器材装备中心关于国家体育总局登山中心滑雪登山国家队专项器材单一来源采购的单一来源公告,单一来源公示,,2025年07月31日 14:15,北京市,国家体育总局登山运动管理中心,北京市东城区体育馆路9号,010-87182972,国家体育总局体育器材装备中心,北京市东城区体育馆路3号620,010-87182635,,,https://www.ccgp.gov.cn/cggg/zygg/dylygg/./202507/t20250731_25074169.htm,2026-09-09 16:27:31,单一来源采购,199.11,table,,,,,,,,,,,,
国家体育总局体育器材装备中心关于国家体育总局体操中心艺体国家队专项器材单一来源采购的公告,单一来源公示,,2025年07月01日 17:21,北京市,国家体育总局体操运动管理中心,北京市东城区体育馆路5号,010-87182692,国家体育总局体育器材装备中心,北京市东城区体育馆路3号620,010-87182635,,,https://www.ccgp.gov.cn/cggg/zygg/dylygg/./202507/t20250701_24884871.htm,2026-09-09 16:27:31,单一来源采购,17.19,table,,,,,,,,,,,,
国家体育总局体育器材装备中心关于国家体育总局体操中心国家队专项器材单一来源采购的单一来源公告,单一来源公示,,2025年06月24日 13:52,北京市,国家体育总局体操运动管理中心,北京市东城区体育馆路5号,010-87182692,国家体育总局体育器材装备中心,北京市东城区体育馆路3号620,010-87182635,,,https://www.ccgp.gov.cn/cggg/zygg/dylygg/./202506/t20250624_24834029.htm,2026-09-09 16:27:32,单一来源采购,21.0,table,,,,,,,,,,,,
2025年度教育助学服务项目实行单一来源采购方式的公示,单一来源公示,,2025年06月23日 18:33,北京市,财务司,北京市西城区大木仓胡同37号,010-66093019,无,无,无,"专家论证意见表2.pdf,专家论证意见表1.pdf,专家论证意见表3.pdf","[{""attach_name"": ""专家论证意见表2.pdf"", ""attach_url"": ""https://download.ccgp.gov.cn/oss/download?uuid=32d0c694-4b95-4829-ba11-e0153b""}, {""attach_name"": ""专家论证意见表1.pdf"", ""attach_url"": ""https://download.ccgp.gov.cn/oss/download?uuid=d536c665-b138-4b51-890e-5d2cb8""}, {""attach_name"": ""专家论证意见表3.pdf"", ""attach_url"": ""https://download.ccgp.gov.cn/oss/download?uuid=2e9c9b51-d723-4c6f-bb29-357917""}]",https://www.ccgp.gov.cn/cggg/zygg/dylygg/./202506/t20250623_24830341.htm,2026-09-09 16:27:32,单一来源采购,198.0,table,,,,,,,,,,,,
2025年度教育助学服务项目单一来源公示,单一来源公示,,2025年06月23日 17:27,北京市,财务司,北京市西城区大木仓胡同37号,010-66093019,无,无,无,"专家论证意见表1.pdf,专家论证意见表3.pdf,专家论证意见表2.pdf","[{""attach_name"": ""专家论证意见表1.pdf"", ""attach_url"": ""https://download.ccgp.gov.cn/oss/download?uuid=ef1bb7a5-b3c8-471c-947c-c42e0a""}, {""attach_name"": ""专家论证意见表3.pdf"", ""attach_url"": ""https://download.ccgp.gov.cn/oss/download?uuid=6912ab43-8732-42e7-96d8-bd4b64""}, {""attach_name"": ""专家论证意见表2.pdf"", ""attach_url"": ""https://download.ccgp.gov.cn/oss/download?uuid=9e30a806-c757-4bc3-939f-17afe7""}]",https://www.ccgp.gov.cn/cggg/zygg/dylygg/./202506/t20250623_24829368.htm,2026-09-09 16:27:32,单一来源采购,198.0,table,,,,,,,,,,,,
北京兴奋剂检测实验室特定品牌型号质谱仪采购公告,单一来源公示,,2025年04月03日 13:57,北京市,北京兴奋剂检测实验室,详情见公告正文,/,国家体育总局体育器材装备中心,北京市东城区体育馆路3号,010-87182686,,,https://www.ccgp.gov.cn/cggg/zygg/dylygg/./202504/t20250403_24393538.htm,2026-09-09 16:27:32,单一来源采购,0.0,table,,,,,,,,,,,,
国家体育总局体育器材装备中心关于国家体育总局登山中心国家滑雪登山队专项器材单一来源采购的单一来源公告,单一来源公示,,2024年11月04日 09:13,北京市,国家体育总局登山运动管理中心,北京市东城区体育馆路9号,010-87182977,国家体育总局体育器材装备中心,北京市东城区体育馆路3号620,010-87182635,,,https://www.ccgp.gov.cn/cggg/zygg/dylygg/./202411/t20241104_23519828.htm,2026-09-09 16:27:32,单一来源采购,0.01,table_suspicious,,,,,,,,,,,,
中国羽毛球协会尤尼克斯比赛用羽毛球单一品牌的单一来源采购邀请公告,单一来源公示,,2024年10月10日 15:39,北京市,中国羽毛球协会,北京市东城区龙潭路20号,67115182,国家体育总局体育器材装备中心,体育馆路3号,87182634,,,https://www.ccgp.gov.cn/cggg/zygg/dylygg/./202410/t20241010_23327834.htm,2026-09-09 16:27:32,单一来源采购,16.5,table,,,,,,,,,,,,
国家体育总局射击射箭运动管理中心特定品牌国产校箭器采购公告,单一来源公示,,2024年08月22日 15:57,北京市,国家体育总局射击射箭运动管理中心特定品牌国产校箭器采购,北京市石景山区福田寺甲3号,010-88962193,国家体育总局体育器材装备中心,北京市东城区体育馆路3号,010-87182686,,,https://www.ccgp.gov.cn/cggg/zygg/dylygg/./202408/t20240822_22964204.htm,2026-09-09 16:27:32,单一来源采购,20.0,table,,,,,,,,,,,,
国家体育总局射击射箭运动管理中心特定品牌激光电子靶设备采购单一来源公告,单一来源公示,,2024年08月14日 11:45,北京市,国家体育总局射击射箭运动管理中心,北京市石景山区香山南路103号,010-88962193,国家体育总局体育器材装备中心,北京市东城区体育馆路3号,010-87182686,,,https://www.ccgp.gov.cn/cggg/zygg/dylygg/./202408/t20240814_22890574.htm,2026-09-09 16:27:32,单一来源采购,570.0,table,,,,,,,,,,,,
国家体育总局射击射箭运动管理中心特定品牌射击射箭器材采购公告,单一来源公示,,2024年08月01日 10:35,北京市,国家体育总局射击射箭运动管理中心,北京市石景山区香山南路103号,010-88962193,国家体育总局体育器材装备中心,北京市东城区体育馆路3号,010-87182686,,,https://www.ccgp.gov.cn/cggg/zygg/dylygg/./202408/t20240801_22780786.htm,2026-09-09 16:27:32,单一来源采购,153.6,table,,,,,,,,,,,,
中国人民银行征信中心2023年征信 系统国密升级改造资源扩容采购项目单一来源公告,单一来源公示,RH-WTDY2024005,2024年03月21日 17:01,北京市,中国人民银行征信中心,上海市浦东新区繁昌路298号,021-20679652,中国人民银行集中采购中心,北京市市辖区西城区北京市西城区成方街32号,66195573,,,https://www.ccgp.gov.cn/cggg/zygg/dylygg/./202403/t20240321_21668035.htm,2026-09-09 16:27:33,单一来源采购,0.0,table,,,,,,,,,,,,
北京兴奋剂检测实验室特定品牌型号高分辨气相色谱质谱仪采购公告,单一来源公示,,2024年03月12日 21:00,北京市,北京兴奋剂检测实验室,详情见公告正文,13641374700,国家体育总局体育器材装备中心,北京市东城区体育馆路3号,010-87182686,,,https://www.ccgp.gov.cn/cggg/zygg/dylygg/./202403/t20240312_21628123.htm,2026-09-09 16:27:33,单一来源采购,325.0,table,,,,,,,,,,,,
国家体育总局自行车击剑运动管理中心特定品牌自行车器材采购单一来源采购公告,单一来源公示,,2023年12月22日 15:48,北京市,国家体育总局自行车击剑运动管理中心,北京市石景山区老山西街6号,010-68882288-2079,国家体育总局体育器材装备中心,北京市东城区体育馆路3号,010-87182686,,,https://www.ccgp.gov.cn/cggg/zygg/dylygg/./202312/t20231222_21322138.htm,2026-09-09 16:27:33,单一来源采购,199.72,table,,,,,,,,,,,,
国家体育总局自行车击剑运动管理中心铁人三项队特定品牌训练器材采购单一来源采购公告,单一来源公示,,2023年11月30日 15:48,北京市,国家体育总局自行车击剑运动管理中心,北京市石景山区老山西街6号,010-68882288-2079,国家体育总局体育器材装备中心,北京市东城区体育馆路3号,010-87182686,,,https://www.ccgp.gov.cn/cggg/zygg/dylygg/./202311/t20231130_21179615.htm,2026-09-09 16:27:33,单一来源采购,97.8,table,,,,,,,,,,,,
国家体育总局反兴奋剂中心特定品牌兴奋剂检测仪器单一来源采购公告,单一来源公示,,2023年11月30日 15:15,北京市,国家体育总局反兴奋剂中心,北京市朝阳区安定路1号,010-64980527,国家体育总局体育器材装备中心,北京市东城区体育馆路3号,010-87182686,,,https://www.ccgp.gov.cn/cggg/zygg/dylygg/./202311/t20231130_21179091.htm,2026-09-09 16:27:33,单一来源采购,450.0,table,,,,,,,,,,,,
