notice_title,detail_url,pub_time,area,purchaser,raw_notice_type,notice_type
会议系统升级设备购置项目询价公告,https://www.ccgp.gov.cn/cggg/zygg/xjgg/./202609/t20260909_27292813.htm,2026-09-09 09:26,北京,SPD-01,询价公告,询价公告
生态环境部核与辐射安全中心(生态环境部核安全设备监管技术中心)计算机网络设备(询价）采购项目需求公告,https://www.ccgp.gov.cn/cggg/zygg/xjgg/./202609/t20260908_27290240.htm,2026-09-08 17:55,北京,生态环境部核与辐射安全中心(生态环境部核安全设备监管技术中心),项目需求公告,项目需求公告
中央美术学院视频会议系统及会议室音频系统（询价）采购项目需求公告,https://www.ccgp.gov.cn/cggg/zygg/xjgg/./202609/t20260908_27290267.htm,2026-09-08 17:55,河北,中央美术学院,项目需求公告,项目需求公告
中国测绘科学研究院工作站及移动工作站询价公告,https://www.ccgp.gov.cn/cggg/zygg/xjgg/./202609/t20260908_27288386.htm,2026-09-08 16:48,北京,中国测绘科学研究院,询价公告,询价公告
中国测绘科学研究院硬盘询价公告,https://www.ccgp.gov.cn/cggg/zygg/xjgg/./202609/t20260908_27284459.htm,2026-09-08 11:08,北京,中国测绘科学研究院,询价公告,询价公告
中国疾病预防控制中心营养与健康所二期工程窗帘采购项目询价公告,https://www.ccgp.gov.cn/cggg/zygg/xjgg/./202609/t20260908_27284059.htm,2026-09-08 09:57,北京,中国疾病预防控制中心营养与健康所,询价公告,询价公告
公安部大数据中心2025式被装（第二批）采购项目询价公告,https://www.ccgp.gov.cn/cggg/zygg/xjgg/./202609/t20260907_27282151.htm,2026-09-07 18:35,北京,公安部大数据中心,询价公告,询价公告
阿克苏边境管理支队办公家具采购项目（二次）询价公告,https://www.ccgp.gov.cn/cggg/zygg/xjgg/./202609/t20260907_27281452.htm,2026-09-07 17:50,新疆,阿克苏边境管理支队,询价公告,询价公告
内蒙古出入境边防检查总站巴彦淖尔边境管理支队电锅炉采购项目询价公告,https://www.ccgp.gov.cn/cggg/zygg/xjgg/./202609/t20260907_27281378.htm,2026-09-07 17:44,内蒙古,巴彦淖尔边境管理支队,询价公告,询价公告
博兴县消防救援大队2026年中秋节工会慰问品采购项目询价公告,https://www.ccgp.gov.cn/cggg/zygg/xjgg/./202609/t20260907_27280812.htm,2026-09-07 17:18,山东,博兴县消防救援大队,询价公告,询价公告
德州市消防救援支队会议室LED大屏采购项目询价公告,https://www.ccgp.gov.cn/cggg/zygg/xjgg/./202609/t20260907_27280489.htm,2026-09-07 17:04,山东,德州市消防救援支队,询价公告,询价公告
安徽省某单位工会员工2026年度中秋节慰问礼包采购项目询价公告询价公告,https://www.ccgp.gov.cn/cggg/zygg/xjgg/./202609/t20260907_27280000.htm,2026-09-07 16:47,安徽,SPD-23,询价公告,询价公告
三明海关综合技术服务中心2026年纯水机设备采购项目（二次）询价公告,https://www.ccgp.gov.cn/cggg/zygg/xjgg/./202609/t20260907_27276890.htm,2026-09-07 11:43,福建,三明海关综合技术服务中心,询价公告,询价公告
国家体育总局训练局空调机及配件（询价）采购项目需求公告,https://www.ccgp.gov.cn/cggg/zygg/xjgg/./202609/t20260907_27275983.htm,2026-09-07 10:00,北京,国家体育总局训练局,项目需求公告,项目需求公告
LSLAB复印机及配件（询价）采购项目需求公告,https://www.ccgp.gov.cn/cggg/zygg/xjgg/./202609/t20260907_27275982.htm,2026-09-07 10:00,山东,采购人LSLAB,项目需求公告,项目需求公告
工业和信息化部电子第五研究所服务器（询价）采购项目需求公告,https://www.ccgp.gov.cn/cggg/zygg/xjgg/./202609/t20260907_27275970.htm,2026-09-07 10:00,广东,工业和信息化部电子第五研究所,项目需求公告,项目需求公告
国家金融监督管理总局黄南监管分局计算机网络设备(询价）采购项目需求公告,https://www.ccgp.gov.cn/cggg/zygg/xjgg/./202609/t20260907_27275979.htm,2026-09-07 10:00,青海,国家金融监督管理总局黄南监管分局,项目需求公告,项目需求公告
中华人民共和国内蒙古出入境边防检查总站计算机网络设备(询价）采购项目需求公告,https://www.ccgp.gov.cn/cggg/zygg/xjgg/./202609/t20260907_27275978.htm,2026-09-07 10:00,内蒙古,中华人民共和国内蒙古出入境边防检查总站,项目需求公告,项目需求公告
国家金融监督管理总局黄南监管分局视频会议系统及会议室音频系统（询价）采购项目需求公告,https://www.ccgp.gov.cn/cggg/zygg/xjgg/./202609/t20260907_27275977.htm,2026-09-07 10:00,青海,国家金融监督管理总局黄南监管分局,项目需求公告,项目需求公告
青岛市气象综合保障中心（青岛市气象数据中心）计算机网络设备(询价）采购项目需求公告,https://www.ccgp.gov.cn/cggg/zygg/xjgg/./202609/t20260907_27275968.htm,2026-09-07 10:00,山东,青岛市气象综合保障中心（青岛市气象数据中心）,项目需求公告,项目需求公告
中华人民共和国内蒙古出入境边防检查总站视频会议系统及会议室音频系统（询价）采购项目需求公告,https://www.ccgp.gov.cn/cggg/zygg/xjgg/./202609/t20260907_27275967.htm,2026-09-07 10:00,内蒙古,中华人民共和国内蒙古出入境边防检查总站,项目需求公告,项目需求公告
云南省消防救援总队训练与战勤保障支队计算机网络设备(询价）采购项目需求公告,https://www.ccgp.gov.cn/cggg/zygg/xjgg/./202609/t20260907_27275966.htm,2026-09-07 10:00,云南,云南省消防救援总队训练与战勤保障支队,项目需求公告,项目需求公告
海南省消防救援总队训练和战勤保障支队视频会议系统及会议室音频系统（询价）采购项目需求公告,https://www.ccgp.gov.cn/cggg/zygg/xjgg/./202609/t20260907_27275974.htm,2026-09-07 10:00,海南,海南省消防救援总队训练和战勤保障支队,项目需求公告,项目需求公告
山南边境管理支队服务器（询价）采购项目需求公告,https://www.ccgp.gov.cn/cggg/zygg/xjgg/./202609/t20260907_27275929.htm,2026-09-07 09:55,西藏,山南边境管理支队,项目需求公告,项目需求公告
蚌埠市消防救援支队计算机网络设备(询价）采购项目需求公告,https://www.ccgp.gov.cn/cggg/zygg/xjgg/./202609/t20260907_27275938.htm,2026-09-07 09:55,安徽,蚌埠市消防救援支队,项目需求公告,项目需求公告
中国人民银行包头市分行计算机网络设备(询价）采购项目需求公告,https://www.ccgp.gov.cn/cggg/zygg/xjgg/./202609/t20260907_27275928.htm,2026-09-07 09:55,内蒙古,中国人民银行包头市分行,项目需求公告,项目需求公告
中华人民共和国重庆出入境边防检查总站服务器（询价）采购项目需求公告,https://www.ccgp.gov.cn/cggg/zygg/xjgg/./202609/t20260907_27275937.htm,2026-09-07 09:55,重庆,中华人民共和国重庆出入境边防检查总站,项目需求公告,项目需求公告
新华通讯社贵州分社视频会议系统及会议室音频系统（询价）采购项目需求公告,https://www.ccgp.gov.cn/cggg/zygg/xjgg/./202609/t20260907_27275936.htm,2026-09-07 09:55,贵州,新华通讯社贵州分社,项目需求公告,项目需求公告
中国电子口岸数据中心杭州分中心服务器（询价）采购项目需求公告,https://www.ccgp.gov.cn/cggg/zygg/xjgg/./202609/t20260907_27275927.htm,2026-09-07 09:55,浙江,中国电子口岸数据中心杭州分中心,项目需求公告,项目需求公告
临沂市消防救援支队计算机网络设备(询价）采购项目需求公告,https://www.ccgp.gov.cn/cggg/zygg/xjgg/./202609/t20260907_27275926.htm,2026-09-07 09:55,山东,临沂市消防救援支队,项目需求公告,项目需求公告
民政职业大学计算机网络设备(询价）采购项目需求公告,https://www.ccgp.gov.cn/cggg/zygg/xjgg/./202609/t20260907_27275935.htm,2026-09-07 09:55,河北,民政职业大学,项目需求公告,项目需求公告
国家统计局吉林调查总队计算机网络设备(询价）采购项目需求公告,https://www.ccgp.gov.cn/cggg/zygg/xjgg/./202609/t20260907_27275924.htm,2026-09-07 09:55,吉林,国家统计局吉林调查总队,项目需求公告,项目需求公告
中国人民大学计算机网络设备(询价）采购项目需求公告,https://www.ccgp.gov.cn/cggg/zygg/xjgg/./202609/t20260907_27275933.htm,2026-09-07 09:55,北京,中国人民大学,项目需求公告,项目需求公告
北京探矿工程研究所计算机网络设备(询价）采购项目需求公告,https://www.ccgp.gov.cn/cggg/zygg/xjgg/./202609/t20260907_27275914.htm,2026-09-07 09:55,北京,北京探矿工程研究所,项目需求公告,项目需求公告
中华人民共和国黑龙江出入境边防检查总站(黑龙江省公安厅边境管理总队)计算机网络设备(询价）采购项目需求公告,https://www.ccgp.gov.cn/cggg/zygg/xjgg/./202609/t20260907_27275922.htm,2026-09-07 09:55,黑龙江,中华人民共和国黑龙江出入境边防检查总站(黑龙江省公安厅边境管理总队),项目需求公告,项目需求公告
中央文化和旅游管理干部学院打印设备及配件（询价）采购项目需求公告,https://www.ccgp.gov.cn/cggg/zygg/xjgg/./202609/t20260907_27275894.htm,2026-09-07 09:50,北京,中央文化和旅游管理干部学院,项目需求公告,项目需求公告
国家统计局长沙调查队计算机网络设备(询价）采购项目需求公告,https://www.ccgp.gov.cn/cggg/zygg/xjgg/./202609/t20260907_27275888.htm,2026-09-07 09:50,湖南,国家统计局长沙调查队,项目需求公告,项目需求公告
中华人民共和国天津海事局计算机网络设备(询价）采购项目需求公告,https://www.ccgp.gov.cn/cggg/zygg/xjgg/./202609/t20260907_27275887.htm,2026-09-07 09:50,天津,中华人民共和国天津海事局,项目需求公告,项目需求公告
中国现代文学馆服务器（询价）采购项目需求公告,https://www.ccgp.gov.cn/cggg/zygg/xjgg/./202609/t20260907_27275893.htm,2026-09-07 09:50,北京,中国现代文学馆,项目需求公告,项目需求公告
中国人民银行四川省分行计算机网络设备(询价）采购项目需求公告,https://www.ccgp.gov.cn/cggg/zygg/xjgg/./202609/t20260907_27275896.htm,2026-09-07 09:50,四川,中国人民银行四川省分行,项目需求公告,项目需求公告
东北林业大学计算机网络设备(询价）采购项目需求公告,https://www.ccgp.gov.cn/cggg/zygg/xjgg/./202609/t20260907_27275886.htm,2026-09-07 09:50,黑龙江,东北林业大学,项目需求公告,项目需求公告
中华人民共和国广西海事局计算机网络设备(询价）采购项目需求公告,https://www.ccgp.gov.cn/cggg/zygg/xjgg/./202609/t20260907_27275897.htm,2026-09-07 09:50,广西,中华人民共和国广西海事局,项目需求公告,项目需求公告
中华人民共和国山东海事局计算机网络设备(询价）采购项目需求公告,https://www.ccgp.gov.cn/cggg/zygg/xjgg/./202609/t20260907_27275860.htm,2026-09-07 09:45,山东,中华人民共和国山东海事局,项目需求公告,项目需求公告
中华人民共和国宁夏出入境边防检查总站计算机网络设备(询价）采购项目需求公告,https://www.ccgp.gov.cn/cggg/zygg/xjgg/./202609/t20260907_27275859.htm,2026-09-07 09:45,宁夏,中华人民共和国宁夏出入境边防检查总站,项目需求公告,项目需求公告
中国社会科学院中国边疆研究所服务器（询价）采购项目需求公告,https://www.ccgp.gov.cn/cggg/zygg/xjgg/./202609/t20260907_27275869.htm,2026-09-07 09:45,北京,中国社会科学院中国边疆研究所,项目需求公告,项目需求公告
中国质量报刊社复印机及配件（询价）采购项目需求公告,https://www.ccgp.gov.cn/cggg/zygg/xjgg/./202609/t20260907_27275858.htm,2026-09-07 09:45,北京,中国质量报刊社,项目需求公告,项目需求公告
云南省气象台计算机网络设备(询价）采购项目需求公告,https://www.ccgp.gov.cn/cggg/zygg/xjgg/./202609/t20260907_27275857.htm,2026-09-07 09:45,云南,云南省气象台,项目需求公告,项目需求公告
云南省地震局视频会议系统及会议室音频系统（询价）采购项目需求公告,https://www.ccgp.gov.cn/cggg/zygg/xjgg/./202609/t20260907_27275856.htm,2026-09-07 09:45,云南,云南省地震局,项目需求公告,项目需求公告
国家外汇管理局打印设备及配件（询价）采购项目需求公告,https://www.ccgp.gov.cn/cggg/zygg/xjgg/./202609/t20260907_27275867.htm,2026-09-07 09:45,北京,国家外汇管理局,项目需求公告,项目需求公告
国家体育总局训练局计算机网络设备(询价）采购项目需求公告,https://www.ccgp.gov.cn/cggg/zygg/xjgg/./202609/t20260907_27275866.htm,2026-09-07 09:45,北京,国家体育总局训练局,项目需求公告,项目需求公告
国家海洋环境预报中心(自然资源部海啸预警中心)计算机网络设备(询价）采购项目需求公告,https://www.ccgp.gov.cn/cggg/zygg/xjgg/./202609/t20260907_27275855.htm,2026-09-07 09:45,北京,国家海洋环境预报中心(自然资源部海啸预警中心),项目需求公告,项目需求公告
某单位机关服务中心服务器（询价）采购项目需求公告,https://www.ccgp.gov.cn/cggg/zygg/xjgg/./202609/t20260907_27275853.htm,2026-09-07 09:45,北京,某单位机关服务中心,项目需求公告,项目需求公告
中国科学院沈阳自动化研究所计算机网络设备(询价）采购项目需求公告,https://www.ccgp.gov.cn/cggg/zygg/xjgg/./202609/t20260907_27275851.htm,2026-09-07 09:45,辽宁,中国科学院沈阳自动化研究所,项目需求公告,项目需求公告
中华人民共和国深圳海关服务器（询价）电子询价需求公告,https://www.ccgp.gov.cn/cggg/zygg/xjgg/./202609/t20260907_27275864.htm,2026-09-07 09:45,广东,中华人民共和国深圳海关,询价需求公告,询价公告
国家体育总局训练局服务器（询价）采购项目需求公告,https://www.ccgp.gov.cn/cggg/zygg/xjgg/./202609/t20260907_27275849.htm,2026-09-07 09:45,北京,国家体育总局训练局,项目需求公告,项目需求公告
中国地质大学(北京)计算机网络设备(询价）采购项目需求公告,https://www.ccgp.gov.cn/cggg/zygg/xjgg/./202609/t20260907_27275848.htm,2026-09-07 09:45,北京,中国地质大学(北京),项目需求公告,项目需求公告
衡阳市消防救援支队计算机网络设备(询价）采购项目需求公告,https://www.ccgp.gov.cn/cggg/zygg/xjgg/./202609/t20260907_27275838.htm,2026-09-07 09:45,湖南,衡阳市消防救援支队,项目需求公告,项目需求公告
中国民用航空局清算中心打印设备及配件（询价）采购项目需求公告,https://www.ccgp.gov.cn/cggg/zygg/xjgg/./202609/t20260907_27275811.htm,2026-09-07 09:40,北京,中国民用航空局清算中心,项目需求公告,项目需求公告
中央音乐学院服务器（询价）采购项目需求公告,https://www.ccgp.gov.cn/cggg/zygg/xjgg/./202609/t20260907_27275809.htm,2026-09-07 09:40,北京,中央音乐学院,项目需求公告,项目需求公告
中华人民共和国广西海事局服务器（询价）采购项目需求公告,https://www.ccgp.gov.cn/cggg/zygg/xjgg/./202609/t20260907_27275796.htm,2026-09-07 09:40,广西,中华人民共和国广西海事局,项目需求公告,项目需求公告
四川省消防救援总队服务器（询价）采购项目需求公告,https://www.ccgp.gov.cn/cggg/zygg/xjgg/./202609/t20260907_27275795.htm,2026-09-07 09:40,四川,四川省消防救援总队,项目需求公告,项目需求公告
中国医学科学院医学实验动物研究所服务器（询价）采购项目需求公告,https://www.ccgp.gov.cn/cggg/zygg/xjgg/./202609/t20260907_27275807.htm,2026-09-07 09:40,北京,中国医学科学院医学实验动物研究所,项目需求公告,项目需求公告
郑州警察学院计算机网络设备(询价）采购项目需求公告,https://www.ccgp.gov.cn/cggg/zygg/xjgg/./202609/t20260907_27275806.htm,2026-09-07 09:40,河南,郑州警察学院,项目需求公告,项目需求公告
中国科学院高能物理研究所服务器（询价）采购项目需求公告,https://www.ccgp.gov.cn/cggg/zygg/xjgg/./202609/t20260907_27275793.htm,2026-09-07 09:40,北京,中国科学院高能物理研究所,项目需求公告,项目需求公告
北京林业大学计算机网络设备(询价）采购项目需求公告,https://www.ccgp.gov.cn/cggg/zygg/xjgg/./202609/t20260907_27275805.htm,2026-09-07 09:40,北京,北京林业大学,项目需求公告,项目需求公告
中国人民银行广西壮族自治区分行计算机网络设备(询价）采购项目需求公告,https://www.ccgp.gov.cn/cggg/zygg/xjgg/./202609/t20260907_27275792.htm,2026-09-07 09:40,广西,中国人民银行广西壮族自治区分行,项目需求公告,项目需求公告
中国人民银行新疆维吾尔自治区分行(国家外汇管理局新疆维吾尔自治区分局、中国人民银行新疆维吾尔自治区分行营业管理部)计算机网络设备(询价）采购项目需求公告,https://www.ccgp.gov.cn/cggg/zygg/xjgg/./202609/t20260907_27275804.htm,2026-09-07 09:40,新疆,中国人民银行新疆维吾尔自治区分行(国家外汇管理局新疆维吾尔自治区分局、中国人民银行新疆维吾尔自治区分行营业管理部),项目需求公告,项目需求公告
中国人民大学视频会议系统及会议室音频系统（询价）采购项目需求公告,https://www.ccgp.gov.cn/cggg/zygg/xjgg/./202609/t20260907_27275818.htm,2026-09-07 09:40,北京,中国人民大学,项目需求公告,项目需求公告
SPD-13某单位临时物业保障服务询价公告,https://www.ccgp.gov.cn/cggg/zygg/xjgg/./202609/t20260904_27271932.htm,2026-09-04 18:15,广西,SPD-13,询价公告,询价公告
SPD-13广西某单位人员传染病筛查服务询价公告,https://www.ccgp.gov.cn/cggg/zygg/xjgg/./202609/t20260904_27271380.htm,2026-09-04 17:23,广西,SPD-13,询价公告,询价公告
中国地质调查局自然资源综合调查指挥中心人脸识别系统和红外系统采购项目询价公告,https://www.ccgp.gov.cn/cggg/zygg/xjgg/./202609/t20260904_27269827.htm,2026-09-04 16:48,北京,中国地质调查局自然资源综合调查指挥中心,询价公告,询价公告
中国地质调查局自然资源综合调查指挥中心防盗门和防盗窗采购项目询价公告,https://www.ccgp.gov.cn/cggg/zygg/xjgg/./202609/t20260904_27269128.htm,2026-09-04 16:22,北京,中国地质调查局自然资源综合调查指挥中心,询价公告,询价公告
四川省攀枝花市消防救援支队2026年度固定资产采购项目（第二次）询价公告,https://www.ccgp.gov.cn/cggg/zygg/xjgg/./202609/t20260904_27268624.htm,2026-09-04 15:59,四川,攀枝花市消防救援支队,询价公告,询价公告
中华人民共和国新疆出入境边防检查总站自密封轮胎采购项目询价公告,https://www.ccgp.gov.cn/cggg/zygg/xjgg/./202609/t20260903_27263530.htm,2026-09-03 20:33,新疆,中华人民共和国新疆出入境边防检查总站,询价公告,询价公告
中国地质调查局乌鲁木齐自然资源综合调查中心2026年消防水池电力改造项目（三次）询价公告,https://www.ccgp.gov.cn/cggg/zygg/xjgg/./202609/t20260903_27263281.htm,2026-09-03 19:45,新疆,中国地质调查局乌鲁木齐自然资源综合调查中心,询价公告,询价公告
SPD-29江西某单位广播系统改造采购项目询价公告,https://www.ccgp.gov.cn/cggg/zygg/xjgg/./202609/t20260903_27262315.htm,2026-09-03 17:22,江西,SPD-29,询价公告,询价公告
两船发电机等备件采购询价公告,https://www.ccgp.gov.cn/cggg/zygg/xjgg/./202609/t20260903_27259548.htm,2026-09-03 15:51,上海,中国极地研究中心（中国极地研究所）,询价公告,询价公告
两船CTD备件采购询价公告,https://www.ccgp.gov.cn/cggg/zygg/xjgg/./202609/t20260903_27259510.htm,2026-09-03 15:48,上海,中国极地研究中心（中国极地研究所）,询价公告,询价公告
关区核心机房不间断电源电池更新项目（GZSW26000HX3096）询价公告,https://www.ccgp.gov.cn/cggg/zygg/xjgg/./202609/t20260903_27258701.htm,2026-09-03 15:03,广东,中华人民共和国黄埔海关,询价公告,询价公告
中国地质调查局乌鲁木齐自然资源综合调查中心分析测试实验室物资采购项目（第二批）询价公告,https://www.ccgp.gov.cn/cggg/zygg/xjgg/./202609/t20260902_27255409.htm,2026-09-02 19:18,新疆,中国地质调查局乌鲁木齐自然资源综合调查中心,询价公告,询价公告
CPU工作站询价公告,https://www.ccgp.gov.cn/cggg/zygg/xjgg/./202609/t20260902_27254574.htm,2026-09-02 17:54,北京,zycgr22011902,询价公告,询价公告
江西省鼎跃招标咨询有限公司关于江西省南昌市红谷滩区消防救援大队2026年办公用品采购项目（采购编号：JXDY2026-HW-X0001）询价公告,https://www.ccgp.gov.cn/cggg/zygg/xjgg/./202609/t20260902_27251814.htm,2026-09-02 15:54,江西,南昌市红谷滩区消防救援大队,询价公告,询价公告
国家粮食和物资储备局湖北局九三五处废旧钢材处理询价公告,https://www.ccgp.gov.cn/cggg/zygg/xjgg/./202609/t20260902_27250099.htm,2026-09-02 12:43,湖北,国家粮食和物资储备局湖北局九三五处,询价公告,询价公告
伊犁边境管理支队信息化设备采购项目询价公告,https://www.ccgp.gov.cn/cggg/zygg/xjgg/./202609/t20260901_27247568.htm,2026-09-01 20:33,新疆,伊犁边境管理支队,询价公告,询价公告
拉萨海关2026年拉萨贡嘎机场海关行包辐射探测设备采购项目,https://www.ccgp.gov.cn/cggg/zygg/xjgg/./202609/t20260901_27243695.htm,2026-09-01 16:06,北京,海关总署物资装备采购中心,,未知公告
安徽省某单位工会员工2026年度中秋节慰问礼包采购项目询价公告,https://www.ccgp.gov.cn/cggg/zygg/xjgg/./202609/t20260901_27239620.htm,2026-09-01 09:13,安徽,SPD-23,询价公告,询价公告
光学平台2采购（第二次）询价公告,https://www.ccgp.gov.cn/cggg/zygg/xjgg/./202608/t20260831_27237138.htm,2026-08-31 17:25,湖北,zycgr20240515,询价公告,询价公告
光学平台1采购（第二次）询价公告,https://www.ccgp.gov.cn/cggg/zygg/xjgg/./202608/t20260831_27237135.htm,2026-08-31 17:25,湖北,zycgr20240515,询价公告,询价公告
自然资源部黑龙江基础地理信息中心（自然资源部黑龙江测绘资料档案馆）服务器（询价）采购项目需求公告,https://www.ccgp.gov.cn/cggg/zygg/xjgg/./202608/t20260831_27237148.htm,2026-08-31 17:20,黑龙江,自然资源部黑龙江基础地理信息中心（自然资源部黑龙江测绘资料档案馆）,项目需求公告,项目需求公告
中国农业科学院作物科学研究所计算机网络设备(询价）采购项目需求公告,https://www.ccgp.gov.cn/cggg/zygg/xjgg/./202608/t20260831_27237145.htm,2026-08-31 17:20,北京,中国农业科学院作物科学研究所,项目需求公告,项目需求公告
中国地质调查局西安地质调查中心(西北地质科技创新中心)计算机网络设备(询价）采购项目需求公告,https://www.ccgp.gov.cn/cggg/zygg/xjgg/./202608/t20260831_27237141.htm,2026-08-31 17:20,陕西,中国地质调查局西安地质调查中心(西北地质科技创新中心),项目需求公告,项目需求公告
LSLAB服务器（询价）采购项目需求公告,https://www.ccgp.gov.cn/cggg/zygg/xjgg/./202608/t20260831_27235160.htm,2026-08-31 15:50,山东,采购人LSLAB,项目需求公告,项目需求公告
LSLAB多功能一体机及配件（询价）采购项目需求公告,https://www.ccgp.gov.cn/cggg/zygg/xjgg/./202608/t20260831_27235018.htm,2026-08-31 15:45,山东,采购人LSLAB,项目需求公告,项目需求公告
河北省消防救援总队训练和战勤保障支队视频会议系统及会议室音频系统（询价）采购项目需求公告,https://www.ccgp.gov.cn/cggg/zygg/xjgg/./202608/t20260831_27234861.htm,2026-08-31 15:35,河北,河北省消防救援总队训练和战勤保障支队,项目需求公告,项目需求公告
清华大学附属中学视频会议系统及会议室音频系统（询价）采购项目需求公告,https://www.ccgp.gov.cn/cggg/zygg/xjgg/./202608/t20260831_27234860.htm,2026-08-31 15:35,北京,清华大学附属中学,项目需求公告,项目需求公告
新华通讯社山东分社服务器（询价）采购项目需求公告,https://www.ccgp.gov.cn/cggg/zygg/xjgg/./202608/t20260831_27234893.htm,2026-08-31 15:35,山东,新华通讯社山东分社,项目需求公告,项目需求公告
北京市通州区消防救援支队（北京市通州区消防救援局）视频会议系统及会议室音频系统（询价）采购项目需求公告,https://www.ccgp.gov.cn/cggg/zygg/xjgg/./202608/t20260831_27234892.htm,2026-08-31 15:35,北京,北京市通州区消防救援支队（北京市通州区消防救援局）,项目需求公告,项目需求公告
深圳湾出入境边防检查站计算机网络设备(询价）采购项目需求公告,https://www.ccgp.gov.cn/cggg/zygg/xjgg/./202608/t20260831_27234859.htm,2026-08-31 15:35,广东,深圳湾出入境边防检查站,项目需求公告,项目需求公告
天津大学计算机网络设备(询价）采购项目需求公告,https://www.ccgp.gov.cn/cggg/zygg/xjgg/./202608/t20260831_27234857.htm,2026-08-31 15:35,天津,天津大学,项目需求公告,项目需求公告
国家金融监督管理总局河南监管局视频会议系统及会议室音频系统（询价）采购项目需求公告,https://www.ccgp.gov.cn/cggg/zygg/xjgg/./202608/t20260831_27234890.htm,2026-08-31 15:35,河南,国家金融监督管理总局河南监管局,项目需求公告,项目需求公告
中央民族大学附属中学计算机网络设备(询价）采购项目需求公告,https://www.ccgp.gov.cn/cggg/zygg/xjgg/./202608/t20260831_27234855.htm,2026-08-31 15:35,北京,中央民族大学附属中学,项目需求公告,项目需求公告
中华人民共和国河北海事局计算机网络设备(询价）采购项目需求公告,https://www.ccgp.gov.cn/cggg/zygg/xjgg/./202608/t20260831_27234889.htm,2026-08-31 15:35,河北,中华人民共和国河北海事局,项目需求公告,项目需求公告
国家环境分析测试中心计算机网络设备(询价）采购项目需求公告,https://www.ccgp.gov.cn/cggg/zygg/xjgg/./202608/t20260831_27234884.htm,2026-08-31 15:35,北京,国家环境分析测试中心,项目需求公告,项目需求公告
国家金融监督管理总局内蒙古监管局多功能一体机及配件（询价）采购项目需求公告,https://www.ccgp.gov.cn/cggg/zygg/xjgg/./202608/t20260831_27234871.htm,2026-08-31 15:35,内蒙古,国家金融监督管理总局内蒙古监管局,项目需求公告,项目需求公告
中华人民共和国黄岛出入境边防检查站计算机网络设备(询价）采购项目需求公告,https://www.ccgp.gov.cn/cggg/zygg/xjgg/./202608/t20260831_27234851.htm,2026-08-31 15:35,山东,中华人民共和国黄岛出入境边防检查站,项目需求公告,项目需求公告
国家海洋环境预报中心(自然资源部海啸预警中心)计算机网络设备(询价）采购项目需求公告,https://www.ccgp.gov.cn/cggg/zygg/xjgg/./202608/t20260831_27234729.htm,2026-08-31 15:30,北京,国家海洋环境预报中心(自然资源部海啸预警中心),项目需求公告,项目需求公告
中华人民共和国图们出入境边防检查站打印设备及配件（询价）采购项目需求公告,https://www.ccgp.gov.cn/cggg/zygg/xjgg/./202608/t20260831_27234720.htm,2026-08-31 15:30,吉林,中华人民共和国图们出入境边防检查站,项目需求公告,项目需求公告
云南省邮政管理局视频会议系统及会议室音频系统（询价）采购项目需求公告,https://www.ccgp.gov.cn/cggg/zygg/xjgg/./202608/t20260831_27234744.htm,2026-08-31 15:30,云南,云南省邮政管理局,项目需求公告,项目需求公告
中国地震局地震预测研究所打印设备及配件（询价）采购项目需求公告,https://www.ccgp.gov.cn/cggg/zygg/xjgg/./202608/t20260831_27234743.htm,2026-08-31 15:30,北京,中国地震局地震预测研究所,项目需求公告,项目需求公告
中国科学院北京基因组研究所(国家生物信息中心)计算机网络设备(询价）采购项目需求公告,https://www.ccgp.gov.cn/cggg/zygg/xjgg/./202608/t20260831_27234728.htm,2026-08-31 15:30,北京,中国科学院北京基因组研究所(国家生物信息中心),项目需求公告,项目需求公告
中华人民共和国海拉尔出入境边防检查站视频会议系统及会议室音频系统（询价）采购项目需求公告,https://www.ccgp.gov.cn/cggg/zygg/xjgg/./202608/t20260831_27234726.htm,2026-08-31 15:30,内蒙古,中华人民共和国海拉尔出入境边防检查站,项目需求公告,项目需求公告
中国社会科学院世界历史研究所(中国历史研究院世界历史研究所)复印机及配件（询价）采购项目需求公告,https://www.ccgp.gov.cn/cggg/zygg/xjgg/./202608/t20260831_27234741.htm,2026-08-31 15:30,北京,中国社会科学院世界历史研究所(中国历史研究院世界历史研究所),项目需求公告,项目需求公告
ZYQS-2606打印设备及配件（询价）采购项目需求公告,https://www.ccgp.gov.cn/cggg/zygg/xjgg/./202608/t20260831_27234740.htm,2026-08-31 15:30,北京,ZYQS-2606,项目需求公告,项目需求公告
国家林业和草原局信息中心计算机网络设备(询价）采购项目需求公告,https://www.ccgp.gov.cn/cggg/zygg/xjgg/./202608/t20260831_27234713.htm,2026-08-31 15:30,北京,国家林业和草原局信息中心,项目需求公告,项目需求公告
金华市气象局计算机网络设备(询价）采购项目需求公告,https://www.ccgp.gov.cn/cggg/zygg/xjgg/./202608/t20260831_27234737.htm,2026-08-31 15:30,浙江,金华市气象局,项目需求公告,项目需求公告
乌鲁木齐市消防救援支队视频会议系统及会议室音频系统（询价）采购项目需求公告,https://www.ccgp.gov.cn/cggg/zygg/xjgg/./202608/t20260831_27234717.htm,2026-08-31 15:30,新疆,乌鲁木齐市消防救援支队,项目需求公告,项目需求公告
审计署计算机技术中心打印设备及配件（询价）采购项目需求公告,https://www.ccgp.gov.cn/cggg/zygg/xjgg/./202608/t20260831_27234666.htm,2026-08-31 15:25,北京,审计署计算机技术中心,项目需求公告,项目需求公告
中华人民共和国珠海出入境边防检查总站计算机网络设备(询价）采购项目需求公告,https://www.ccgp.gov.cn/cggg/zygg/xjgg/./202608/t20260831_27234665.htm,2026-08-31 15:25,广东,中华人民共和国珠海出入境边防检查总站,项目需求公告,项目需求公告
汕尾市城区消防救援大队视频会议系统及会议室音频系统（询价）采购项目需求公告,https://www.ccgp.gov.cn/cggg/zygg/xjgg/./202608/t20260831_27234663.htm,2026-08-31 15:25,广东,汕尾市城区消防救援大队,项目需求公告,项目需求公告
中华人民共和国温州机场出入境边防检查站视频会议系统及会议室音频系统（询价）采购项目需求公告,https://www.ccgp.gov.cn/cggg/zygg/xjgg/./202608/t20260831_27234662.htm,2026-08-31 15:25,浙江,中华人民共和国温州机场出入境边防检查站,项目需求公告,项目需求公告
中国地质调查局西安地质调查中心(西北地质科技创新中心)计算机网络设备(询价）采购项目需求公告,https://www.ccgp.gov.cn/cggg/zygg/xjgg/./202608/t20260831_27234672.htm,2026-08-31 15:25,陕西,中国地质调查局西安地质调查中心(西北地质科技创新中心),项目需求公告,项目需求公告
北方民族大学计算机网络设备(询价）采购项目需求公告,https://www.ccgp.gov.cn/cggg/zygg/xjgg/./202608/t20260831_27234661.htm,2026-08-31 15:25,宁夏,北方民族大学,项目需求公告,项目需求公告
吉林大学第一医院服务器（询价）采购项目需求公告,https://www.ccgp.gov.cn/cggg/zygg/xjgg/./202608/t20260831_27234659.htm,2026-08-31 15:25,吉林,吉林大学第一医院,项目需求公告,项目需求公告
交通运输部天津水运工程科学研究所视频会议系统及会议室音频系统（询价）采购项目需求公告,https://www.ccgp.gov.cn/cggg/zygg/xjgg/./202608/t20260831_27234671.htm,2026-08-31 15:25,天津,交通运输部天津水运工程科学研究所,项目需求公告,项目需求公告
国家自然资源督察西安局计算机网络设备(询价）采购项目需求公告,https://www.ccgp.gov.cn/cggg/zygg/xjgg/./202608/t20260831_27234658.htm,2026-08-31 15:25,陕西,国家自然资源督察西安局,项目需求公告,项目需求公告
中华人民共和国温州机场出入境边防检查站视频会议系统及会议室音频系统（询价）采购项目需求公告,https://www.ccgp.gov.cn/cggg/zygg/xjgg/./202608/t20260831_27234667.htm,2026-08-31 15:25,浙江,中华人民共和国温州机场出入境边防检查站,项目需求公告,项目需求公告
中华人民共和国长沙出入境边防检查站计算机网络设备(询价）采购项目需求公告,https://www.ccgp.gov.cn/cggg/zygg/xjgg/./202608/t20260831_27234660.htm,2026-08-31 15:25,湖南,中华人民共和国长沙出入境边防检查站,项目需求公告,项目需求公告
中华人民共和国温州机场出入境边防检查站计算机网络设备(询价）采购项目需求公告,https://www.ccgp.gov.cn/cggg/zygg/xjgg/./202608/t20260831_27234605.htm,2026-08-31 15:25,浙江,中华人民共和国温州机场出入境边防检查站,项目需求公告,项目需求公告
青岛海洋地质研究所服务器（询价）采购项目需求公告,https://www.ccgp.gov.cn/cggg/zygg/xjgg/./202608/t20260831_27234622.htm,2026-08-31 15:25,山东,青岛海洋地质研究所,项目需求公告,项目需求公告
国家食品安全风险评估中心计算机网络设备(询价）采购项目需求公告,https://www.ccgp.gov.cn/cggg/zygg/xjgg/./202608/t20260831_27234523.htm,2026-08-31 15:20,北京,国家食品安全风险评估中心,项目需求公告,项目需求公告
中央司法警官学院计算机网络设备(询价）采购项目需求公告,https://www.ccgp.gov.cn/cggg/zygg/xjgg/./202608/t20260831_27234538.htm,2026-08-31 15:20,河北,中央司法警官学院,项目需求公告,项目需求公告
中山大学附属口腔医院视频会议系统及会议室音频系统（询价）采购项目需求公告,https://www.ccgp.gov.cn/cggg/zygg/xjgg/./202608/t20260831_27234537.htm,2026-08-31 15:20,广东,中山大学附属口腔医院,项目需求公告,项目需求公告
中华人民共和国内蒙古出入境边防检查总站服务器（询价）采购项目需求公告,https://www.ccgp.gov.cn/cggg/zygg/xjgg/./202608/t20260831_27234521.htm,2026-08-31 15:20,内蒙古,中华人民共和国内蒙古出入境边防检查总站,项目需求公告,项目需求公告
国家卫生健康委妇幼健康中心视频会议系统及会议室音频系统（询价）采购项目需求公告,https://www.ccgp.gov.cn/cggg/zygg/xjgg/./202608/t20260831_27234549.htm,2026-08-31 15:20,北京,国家卫生健康委妇幼健康中心,项目需求公告,项目需求公告
国家发展和改革委员会机关服务中心视频会议系统及会议室音频系统（询价）采购项目需求公告,https://www.ccgp.gov.cn/cggg/zygg/xjgg/./202608/t20260831_27234548.htm,2026-08-31 15:20,北京,国家发展和改革委员会机关服务中心,项目需求公告,项目需求公告
中华人民共和国内蒙古出入境边防检查总站计算机网络设备(询价）采购项目需求公告,https://www.ccgp.gov.cn/cggg/zygg/xjgg/./202608/t20260831_27234534.htm,2026-08-31 15:20,内蒙古,中华人民共和国内蒙古出入境边防检查总站,项目需求公告,项目需求公告
中国证券监督管理委员会信息中心计算机网络设备(询价）采购项目需求公告,https://www.ccgp.gov.cn/cggg/zygg/xjgg/./202608/t20260831_27234531.htm,2026-08-31 15:20,北京,中国证券监督管理委员会信息中心,项目需求公告,项目需求公告
中国气象局上海台风研究所(上海市气象科学研究所)服务器（询价）采购项目需求公告,https://www.ccgp.gov.cn/cggg/zygg/xjgg/./202608/t20260831_27234515.htm,2026-08-31 15:20,上海,中国气象局上海台风研究所(上海市气象科学研究所),项目需求公告,项目需求公告
中华人民共和国黄埔海关计算机网络设备(询价）采购项目需求公告,https://www.ccgp.gov.cn/cggg/zygg/xjgg/./202608/t20260831_27234471.htm,2026-08-31 15:15,广东,中华人民共和国黄埔海关,项目需求公告,项目需求公告
中国水利水电科学研究院服务器（询价）采购项目需求公告,https://www.ccgp.gov.cn/cggg/zygg/xjgg/./202608/t20260831_27234470.htm,2026-08-31 15:15,北京,中国水利水电科学研究院,项目需求公告,项目需求公告
重庆大学科学城校区管理委员会计算机网络设备(询价）采购项目需求公告,https://www.ccgp.gov.cn/cggg/zygg/xjgg/./202608/t20260831_27234463.htm,2026-08-31 15:15,重庆,重庆大学科学城校区管理委员会,项目需求公告,项目需求公告
中国药科大学服务器（询价）采购项目需求公告,https://www.ccgp.gov.cn/cggg/zygg/xjgg/./202608/t20260831_27234468.htm,2026-08-31 15:15,江苏,中国药科大学,项目需求公告,项目需求公告
中华人民共和国福建海事局计算机网络设备(询价）采购项目需求公告,https://www.ccgp.gov.cn/cggg/zygg/xjgg/./202608/t20260831_27234460.htm,2026-08-31 15:15,福建,中华人民共和国福建海事局,项目需求公告,项目需求公告
中华人民共和国深圳湾海关服务器（询价）采购项目需求公告,https://www.ccgp.gov.cn/cggg/zygg/xjgg/./202608/t20260831_27234458.htm,2026-08-31 15:15,广东,中华人民共和国深圳湾海关,项目需求公告,项目需求公告
国家卫生健康委医疗管理服务指导中心计算机网络设备(询价）采购项目需求公告,https://www.ccgp.gov.cn/cggg/zygg/xjgg/./202608/t20260831_27234456.htm,2026-08-31 15:15,北京,国家卫生健康委医疗管理服务指导中心,项目需求公告,项目需求公告
中央音乐学院计算机网络设备(询价）采购项目需求公告,https://www.ccgp.gov.cn/cggg/zygg/xjgg/./202608/t20260831_27234359.htm,2026-08-31 15:10,北京,中央音乐学院,项目需求公告,项目需求公告
2026年采购工装衬衫采购项目询价公告,https://www.ccgp.gov.cn/cggg/zygg/xjgg/./202608/t20260831_27234079.htm,2026-08-31 14:50,北京,全国海关信息中心,询价公告,询价公告
喀什地区消防救援支队2026年战备物资采购项目询价公告,https://www.ccgp.gov.cn/cggg/zygg/xjgg/./202608/t20260830_27231860.htm,2026-08-30 18:07,新疆,喀什地区消防救援支队,询价公告,询价公告
SPD-132026年某单位办公用品、打印耗材询价公告（第二次）,https://www.ccgp.gov.cn/cggg/zygg/xjgg/./202608/t20260828_27228462.htm,2026-08-28 18:21,广西,SPD-13,耗材询价公告,询价公告
SPD-13执法记录仪采购询价公告,https://www.ccgp.gov.cn/cggg/zygg/xjgg/./202608/t20260828_27228464.htm,2026-08-28 18:20,广西,SPD-13,询价公告,询价公告
SPD-13训练器材购置询价公告,https://www.ccgp.gov.cn/cggg/zygg/xjgg/./202608/t20260828_27228440.htm,2026-08-28 18:19,广西,SPD-13,询价公告,询价公告
阿克苏边境管理支队办公家具采购项目询价公告,https://www.ccgp.gov.cn/cggg/zygg/xjgg/./202608/t20260828_27222070.htm,2026-08-28 11:28,新疆,阿克苏边境管理支队,询价公告,询价公告
中国地质调查局乌鲁木齐自然资源综合调查中心2026年消防水池电力改造项目（二次）询价公告,https://www.ccgp.gov.cn/cggg/zygg/xjgg/./202608/t20260827_27220177.htm,2026-08-27 20:02,新疆,中国地质调查局乌鲁木齐自然资源综合调查中心,询价公告,询价公告
中华人民共和国勐康出入境边防检查站执法记录仪采集工作站采购项目询价公告,https://www.ccgp.gov.cn/cggg/zygg/xjgg/./202608/t20260827_27219498.htm,2026-08-27 18:38,云南,中华人民共和国勐康出入境边防检查站,询价公告,询价公告
中国科学院国家天文台36厘米望远镜组件采购项目询价公告,https://www.ccgp.gov.cn/cggg/zygg/xjgg/./202608/t20260827_27215434.htm,2026-08-27 15:20,北京,中国科学院国家天文台,询价公告,询价公告
全国海关信息中心2026年采购工装皮鞋采购项目询价公告,https://www.ccgp.gov.cn/cggg/zygg/xjgg/./202608/t20260826_27208481.htm,2026-08-26 16:34,北京,全国海关信息中心,询价公告,询价公告
黑龙江消防救援机动总队新训大队社会化服务保障超市服务项目询价公告,https://www.ccgp.gov.cn/cggg/zygg/xjgg/./202608/t20260826_27207573.htm,2026-08-26 15:52,黑龙江,黑龙江省森林消防总队,询价公告,询价公告
公务洗涤服务项目询价公告,https://www.ccgp.gov.cn/cggg/zygg/xjgg/./202608/t20260826_27204623.htm,2026-08-26 09:56,北京,SPD-01,询价公告,询价公告
国家广播电视总局监测数据处理中心计算机网络设备(询价）采购项目需求公告,https://www.ccgp.gov.cn/cggg/zygg/xjgg/./202608/t20260825_27197952.htm,2026-08-25 14:40,北京,国家广播电视总局监测数据处理中心,项目需求公告,项目需求公告
国家知识产权局专利局专利审查协作天津中心计算机网络设备(询价）采购项目需求公告,https://www.ccgp.gov.cn/cggg/zygg/xjgg/./202608/t20260825_27197146.htm,2026-08-25 12:00,天津,国家知识产权局专利局专利审查协作天津中心,项目需求公告,项目需求公告
中国地质调查局西安地质调查中心(西北地质科技创新中心)计算机网络设备(询价）采购项目需求公告,https://www.ccgp.gov.cn/cggg/zygg/xjgg/./202608/t20260825_27197152.htm,2026-08-25 12:00,陕西,中国地质调查局西安地质调查中心(西北地质科技创新中心),项目需求公告,项目需求公告
国家广播电视总局282台计算机网络设备(询价）采购项目需求公告,https://www.ccgp.gov.cn/cggg/zygg/xjgg/./202608/t20260825_27197151.htm,2026-08-25 12:00,湖南,国家广播电视总局282台,项目需求公告,项目需求公告
中国医学科学院北京协和医院计算机网络设备(询价）采购项目需求公告,https://www.ccgp.gov.cn/cggg/zygg/xjgg/./202608/t20260825_27197159.htm,2026-08-25 12:00,北京,中国医学科学院北京协和医院,项目需求公告,项目需求公告
SPD江苏视频会议系统及会议室音频系统（询价）采购项目需求公告,https://www.ccgp.gov.cn/cggg/zygg/xjgg/./202608/t20260825_27197149.htm,2026-08-25 12:00,江苏,SPD江苏,项目需求公告,项目需求公告
中国地质调查局西安地质调查中心(西北地质科技创新中心)计算机网络设备(询价）采购项目需求公告,https://www.ccgp.gov.cn/cggg/zygg/xjgg/./202608/t20260825_27197145.htm,2026-08-25 12:00,陕西,中国地质调查局西安地质调查中心(西北地质科技创新中心),项目需求公告,项目需求公告
全国海关信息中心2026年总署互联网用户上网网络NTP设备采购项目询价公告,https://www.ccgp.gov.cn/cggg/zygg/xjgg/./202608/t20260825_27196522.htm,2026-08-25 11:07,北京,全国海关信息中心,询价公告,询价公告
中国极地研究中心（中国极地研究所）存储服务器扩容配件采购项目询价公告,https://www.ccgp.gov.cn/cggg/zygg/xjgg/./202608/t20260825_27196011.htm,2026-08-25 10:14,上海,中国极地研究中心（中国极地研究所）,询价公告,询价公告
中国测绘科学研究院图形工作站询价公告,https://www.ccgp.gov.cn/cggg/zygg/xjgg/./202608/t20260825_27195567.htm,2026-08-25 09:05,北京,中国测绘科学研究院,询价公告,询价公告
中华人民共和国河南出入境边防检查总站计算机网络设备(询价）采购项目需求公告,https://www.ccgp.gov.cn/cggg/zygg/xjgg/./202608/t20260825_27195551.htm,2026-08-25 08:55,河南,中华人民共和国河南出入境边防检查总站,项目需求公告,项目需求公告
四川大学华西医院(四川省国际医院)服务器（询价）采购项目需求公告,https://www.ccgp.gov.cn/cggg/zygg/xjgg/./202608/t20260825_27195545.htm,2026-08-25 08:55,四川,四川大学华西医院(四川省国际医院),项目需求公告,项目需求公告
中国地质调查局长沙自然资源综合调查中心重载无人机运输车采购（第二次）询价公告,https://www.ccgp.gov.cn/cggg/zygg/xjgg/./202608/t20260825_27195475.htm,2026-08-25 08:04,湖南,中国地质调查局长沙自然资源综合调查中心,询价公告,询价公告
中卫市气象局视频会议系统及会议室音频系统（询价）采购项目需求公告,https://www.ccgp.gov.cn/cggg/zygg/xjgg/./202608/t20260824_27193332.htm,2026-08-24 17:25,宁夏,中卫市气象局,项目需求公告,项目需求公告
华中科技大学同济医学院附属协和医院计算机网络设备(询价）采购项目需求公告,https://www.ccgp.gov.cn/cggg/zygg/xjgg/./202608/t20260824_27193329.htm,2026-08-24 17:25,湖北,华中科技大学同济医学院附属协和医院,项目需求公告,项目需求公告
国家气象中心(中央气象台)服务器（询价）采购项目需求公告,https://www.ccgp.gov.cn/cggg/zygg/xjgg/./202608/t20260824_27193307.htm,2026-08-24 17:25,北京,国家气象中心(中央气象台),项目需求公告,项目需求公告
中国特种设备检测研究院视频会议系统及会议室音频系统（询价）采购项目需求公告,https://www.ccgp.gov.cn/cggg/zygg/xjgg/./202608/t20260824_27193271.htm,2026-08-24 17:25,北京,中国特种设备检测研究院,项目需求公告,项目需求公告
四川省气象局计算机网络设备(询价）采购项目需求公告,https://www.ccgp.gov.cn/cggg/zygg/xjgg/./202608/t20260824_27191990.htm,2026-08-24 16:25,四川,四川省气象局,项目需求公告,项目需求公告
中国地质科学院勘探技术研究所计算机网络设备(询价）采购项目需求公告,https://www.ccgp.gov.cn/cggg/zygg/xjgg/./202608/t20260824_27192015.htm,2026-08-24 16:25,天津,中国地质科学院勘探技术研究所,项目需求公告,项目需求公告
黄河水利委员会故县水利枢纽管理局服务器（询价）采购项目需求公告,https://www.ccgp.gov.cn/cggg/zygg/xjgg/./202608/t20260824_27191988.htm,2026-08-24 16:25,河南,黄河水利委员会故县水利枢纽管理局,项目需求公告,项目需求公告
中国地质科学院地质力学研究所服务器（询价）采购项目需求公告,https://www.ccgp.gov.cn/cggg/zygg/xjgg/./202608/t20260824_27191974.htm,2026-08-24 16:25,北京,中国地质科学院地质力学研究所,项目需求公告,项目需求公告
中国科学院沈阳应用生态研究所服务器（询价）采购项目需求公告,https://www.ccgp.gov.cn/cggg/zygg/xjgg/./202608/t20260824_27191927.htm,2026-08-24 16:25,辽宁,中国科学院沈阳应用生态研究所,项目需求公告,项目需求公告
中国人民银行吐鲁番市中心支行计算机网络设备(询价）采购项目需求公告,https://www.ccgp.gov.cn/cggg/zygg/xjgg/./202608/t20260824_27190796.htm,2026-08-24 15:30,新疆,中国人民银行吐鲁番市中心支行,项目需求公告,项目需求公告
北京市通州区消防救援支队（北京市通州区消防救援局）打印设备及配件（询价）采购项目需求公告,https://www.ccgp.gov.cn/cggg/zygg/xjgg/./202608/t20260824_27190826.htm,2026-08-24 15:30,北京,北京市通州区消防救援支队（北京市通州区消防救援局）,项目需求公告,项目需求公告
中国证券监督管理委员会信息中心打印设备及配件（询价）采购项目需求公告,https://www.ccgp.gov.cn/cggg/zygg/xjgg/./202608/t20260824_27190788.htm,2026-08-24 15:30,北京,中国证券监督管理委员会信息中心,项目需求公告,项目需求公告
国家金融监督管理总局平潭监管支局计算机网络设备(询价）采购项目需求公告,https://www.ccgp.gov.cn/cggg/zygg/xjgg/./202608/t20260824_27190824.htm,2026-08-24 15:30,福建,国家金融监督管理总局平潭监管支局,项目需求公告,项目需求公告
交通运输部北海航海保障中心天津航标处计算机网络设备(询价）采购项目需求公告,https://www.ccgp.gov.cn/cggg/zygg/xjgg/./202608/t20260824_27190786.htm,2026-08-24 15:30,天津,交通运输部北海航海保障中心天津航标处,项目需求公告,项目需求公告
北京市通州区消防救援支队（北京市通州区消防救援局）打印设备及配件（询价）采购项目需求公告,https://www.ccgp.gov.cn/cggg/zygg/xjgg/./202608/t20260824_27190815.htm,2026-08-24 15:30,北京,北京市通州区消防救援支队（北京市通州区消防救援局）,项目需求公告,项目需求公告
温州市消防救援支队计算机网络设备(询价）采购项目需求公告,https://www.ccgp.gov.cn/cggg/zygg/xjgg/./202608/t20260824_27190803.htm,2026-08-24 15:30,浙江,温州市消防救援支队,项目需求公告,项目需求公告
中国民用航空局信息中心计算机网络设备(询价）采购项目需求公告,https://www.ccgp.gov.cn/cggg/zygg/xjgg/./202608/t20260824_27190813.htm,2026-08-24 15:30,北京,中国民用航空局信息中心,项目需求公告,项目需求公告
华中科技大学同济医学院附属协和医院服务器（询价）采购项目需求公告,https://www.ccgp.gov.cn/cggg/zygg/xjgg/./202608/t20260824_27190737.htm,2026-08-24 15:25,湖北,华中科技大学同济医学院附属协和医院,项目需求公告,项目需求公告
中国人民银行广西壮族自治区分行服务器（询价）采购项目需求公告,https://www.ccgp.gov.cn/cggg/zygg/xjgg/./202608/t20260824_27190715.htm,2026-08-24 15:25,广西,中国人民银行广西壮族自治区分行,项目需求公告,项目需求公告
华中科技大学同济医学院附属协和医院计算机网络设备(询价）采购项目需求公告,https://www.ccgp.gov.cn/cggg/zygg/xjgg/./202608/t20260824_27190688.htm,2026-08-24 15:25,湖北,华中科技大学同济医学院附属协和医院,项目需求公告,项目需求公告
西安市某单位激光窃听防护膜及电磁屏蔽窗帘采购项目询价公告,https://www.ccgp.gov.cn/cggg/zygg/xjgg/./202608/t20260824_27189275.htm,2026-08-24 11:32,陕西,SPD-A55,询价公告,询价公告
水利部水土保持监测中心多功能一体机及配件（询价）采购项目需求公告,https://www.ccgp.gov.cn/cggg/zygg/xjgg/./202608/t20260824_27188722.htm,2026-08-24 10:30,北京,水利部水土保持监测中心,项目需求公告,项目需求公告
国家统计局内蒙古调查总队多功能一体机及配件（询价）采购项目需求公告,https://www.ccgp.gov.cn/cggg/zygg/xjgg/./202608/t20260824_27188671.htm,2026-08-24 10:25,内蒙古,国家统计局内蒙古调查总队,项目需求公告,项目需求公告
珠海市金湾区消防救援大队视频会议系统及会议室音频系统（询价）采购项目需求公告,https://www.ccgp.gov.cn/cggg/zygg/xjgg/./202608/t20260824_27188685.htm,2026-08-24 10:25,广东,珠海市金湾区消防救援大队,项目需求公告,项目需求公告
清华大学附属中学计算机网络设备(询价）采购项目需求公告,https://www.ccgp.gov.cn/cggg/zygg/xjgg/./202608/t20260824_27188684.htm,2026-08-24 10:25,北京,清华大学附属中学,项目需求公告,项目需求公告
塔城边境管理支队视频会议系统及会议室音频系统（询价）采购项目需求公告,https://www.ccgp.gov.cn/cggg/zygg/xjgg/./202608/t20260824_27188683.htm,2026-08-24 10:25,新疆,塔城边境管理支队,项目需求公告,项目需求公告
中国城市规划设计研究院（住房和城乡建设部遥感应用中心）计算机网络设备(询价）采购项目需求公告,https://www.ccgp.gov.cn/cggg/zygg/xjgg/./202608/t20260824_27188682.htm,2026-08-24 10:25,北京,中国城市规划设计研究院（住房和城乡建设部遥感应用中心）,项目需求公告,项目需求公告
国家文物局复印机及配件（询价）采购项目需求公告,https://www.ccgp.gov.cn/cggg/zygg/xjgg/./202608/t20260824_27188669.htm,2026-08-24 10:25,北京,国家文物局,项目需求公告,项目需求公告
珠海市金湾区消防救援大队视频会议系统及会议室音频系统（询价）采购项目需求公告,https://www.ccgp.gov.cn/cggg/zygg/xjgg/./202608/t20260824_27188680.htm,2026-08-24 10:25,广东,珠海市金湾区消防救援大队,项目需求公告,项目需求公告
中华人民共和国霍尔果斯出入境边防检查站计算机网络设备(询价）采购项目需求公告,https://www.ccgp.gov.cn/cggg/zygg/xjgg/./202608/t20260824_27188668.htm,2026-08-24 10:25,新疆,中华人民共和国霍尔果斯出入境边防检查站,项目需求公告,项目需求公告
中国社会科学院中国社会科学评价研究院计算机网络设备(询价）采购项目需求公告,https://www.ccgp.gov.cn/cggg/zygg/xjgg/./202608/t20260824_27188667.htm,2026-08-24 10:25,北京,中国社会科学院中国社会科学评价研究院,项目需求公告,项目需求公告
自然资源部第四航测遥感院计算机网络设备(询价）采购项目需求公告,https://www.ccgp.gov.cn/cggg/zygg/xjgg/./202608/t20260824_27188678.htm,2026-08-24 10:25,海南,自然资源部第四航测遥感院,项目需求公告,项目需求公告
自然资源部南海预报减灾中心(自然资源部粤港澳大湾区海洋预警中心)服务器（询价）采购项目需求公告,https://www.ccgp.gov.cn/cggg/zygg/xjgg/./202608/t20260824_27188664.htm,2026-08-24 10:25,广东,自然资源部南海预报减灾中心(自然资源部粤港澳大湾区海洋预警中心),项目需求公告,项目需求公告
浙江省通信管理局复印机及配件（询价）采购项目需求公告,https://www.ccgp.gov.cn/cggg/zygg/xjgg/./202608/t20260824_27188663.htm,2026-08-24 10:25,浙江,浙江省通信管理局,项目需求公告,项目需求公告
中国人民大学视频会议系统及会议室音频系统（询价）采购项目需求公告,https://www.ccgp.gov.cn/cggg/zygg/xjgg/./202608/t20260824_27188651.htm,2026-08-24 10:25,北京,中国人民大学,项目需求公告,项目需求公告
东营市气象局视频会议系统及会议室音频系统（询价）采购项目需求公告,https://www.ccgp.gov.cn/cggg/zygg/xjgg/./202608/t20260824_27188608.htm,2026-08-24 10:20,山东,东营市气象局,项目需求公告,项目需求公告
中国人民公安大学计算机网络设备(询价）采购项目需求公告,https://www.ccgp.gov.cn/cggg/zygg/xjgg/./202608/t20260824_27188607.htm,2026-08-24 10:20,北京,中国人民公安大学,项目需求公告,项目需求公告
四川省消防救援总队训练和战勤保障支队计算机网络设备(询价）采购项目需求公告,https://www.ccgp.gov.cn/cggg/zygg/xjgg/./202608/t20260824_27188618.htm,2026-08-24 10:20,四川,四川省消防救援总队训练和战勤保障支队,项目需求公告,项目需求公告
中央文化和旅游管理干部学院视频会议系统及会议室音频系统（询价）采购项目需求公告,https://www.ccgp.gov.cn/cggg/zygg/xjgg/./202608/t20260824_27188617.htm,2026-08-24 10:20,北京,中央文化和旅游管理干部学院,项目需求公告,项目需求公告
中国科学院深圳先进技术研究院服务器（询价）采购项目需求公告,https://www.ccgp.gov.cn/cggg/zygg/xjgg/./202608/t20260824_27188616.htm,2026-08-24 10:20,广东,中国科学院深圳先进技术研究院,项目需求公告,项目需求公告
中华人民共和国徐州出入境边防检查站计算机网络设备(询价）采购项目需求公告,https://www.ccgp.gov.cn/cggg/zygg/xjgg/./202608/t20260824_27188605.htm,2026-08-24 10:20,江苏,中华人民共和国徐州出入境边防检查站,项目需求公告,项目需求公告
铁道党校服务器（询价）采购项目需求公告,https://www.ccgp.gov.cn/cggg/zygg/xjgg/./202608/t20260824_27188615.htm,2026-08-24 10:20,北京,铁道党校,项目需求公告,项目需求公告
某单位2计算机网络设备(询价）采购项目需求公告,https://www.ccgp.gov.cn/cggg/zygg/xjgg/./202608/t20260824_27188604.htm,2026-08-24 10:20,上海,某单位2,项目需求公告,项目需求公告
中国民族语文翻译中心服务器（询价）采购项目需求公告,https://www.ccgp.gov.cn/cggg/zygg/xjgg/./202608/t20260824_27188603.htm,2026-08-24 10:20,北京,中国民族语文翻译中心,项目需求公告,项目需求公告
中国国土勘测规划院打印设备及配件（询价）采购项目需求公告,https://www.ccgp.gov.cn/cggg/zygg/xjgg/./202608/t20260824_27188621.htm,2026-08-24 10:20,北京,中国国土勘测规划院,项目需求公告,项目需求公告
中华人民共和国霍尔果斯出入境边防检查站服务器（询价）采购项目需求公告,https://www.ccgp.gov.cn/cggg/zygg/xjgg/./202608/t20260824_27188602.htm,2026-08-24 10:20,新疆,中华人民共和国霍尔果斯出入境边防检查站,项目需求公告,项目需求公告
国家市场监督管理总局缺陷产品召回技术中心服务器（询价）采购项目需求公告,https://www.ccgp.gov.cn/cggg/zygg/xjgg/./202608/t20260824_27188620.htm,2026-08-24 10:20,北京,国家市场监督管理总局缺陷产品召回技术中心,项目需求公告,项目需求公告
中国地质大学(北京)计算机网络设备(询价）采购项目需求公告,https://www.ccgp.gov.cn/cggg/zygg/xjgg/./202608/t20260824_27188583.htm,2026-08-24 10:15,北京,中国地质大学(北京),项目需求公告,项目需求公告
中国民用航空飞行学院计算机网络设备(询价）采购项目需求公告,https://www.ccgp.gov.cn/cggg/zygg/xjgg/./202608/t20260824_27188581.htm,2026-08-24 10:15,四川,中国民用航空飞行学院,项目需求公告,项目需求公告
中华人民共和国温州出入境边防检查站计算机网络设备(询价）采购项目需求公告,https://www.ccgp.gov.cn/cggg/zygg/xjgg/./202608/t20260824_27188580.htm,2026-08-24 10:15,浙江,中华人民共和国温州出入境边防检查站,项目需求公告,项目需求公告
北京市石景山区消防救援支队打印设备及配件（询价）采购项目需求公告,https://www.ccgp.gov.cn/cggg/zygg/xjgg/./202608/t20260824_27188577.htm,2026-08-24 10:15,北京,北京市石景山区消防救援支队,项目需求公告,项目需求公告
南京大学计算机网络设备(询价）采购项目需求公告,https://www.ccgp.gov.cn/cggg/zygg/xjgg/./202608/t20260824_27188556.htm,2026-08-24 10:15,江苏,南京大学,项目需求公告,项目需求公告
四川省攀枝花市消防救援支队2026年度固定资产采购项目询价公告,https://www.ccgp.gov.cn/cggg/zygg/xjgg/./202608/t20260821_27180891.htm,2026-08-21 15:45,四川,攀枝花市消防救援支队,询价公告,询价公告
SPD-132026年某单位办公用品、打印耗材配送服务询价公告,https://www.ccgp.gov.cn/cggg/zygg/xjgg/./202608/t20260821_27178460.htm,2026-08-21 10:44,广西,SPD-13,询价公告,询价公告
SPD-29江西某单位网站改造采购项目询价公告(第二次),https://www.ccgp.gov.cn/cggg/zygg/xjgg/./202608/t20260821_27178106.htm,2026-08-21 10:13,江西,SPD-29,项目询价公告,询价公告
SPD-132026年某单位专项训练科目耗材采购项目询价公告,https://www.ccgp.gov.cn/cggg/zygg/xjgg/./202608/t20260820_27176020.htm,2026-08-20 18:06,广西,SPD-13,询价公告,询价公告
SPD-132026年某单位培训期间酒店食宿服务采购项目询价公告,https://www.ccgp.gov.cn/cggg/zygg/xjgg/./202608/t20260820_27176022.htm,2026-08-20 18:06,广西,SPD-13,询价公告,询价公告
公安部道路交通安全研究中心车路协同通信设备项目询价,https://www.ccgp.gov.cn/cggg/zygg/xjgg/./202608/t20260820_27175616.htm,2026-08-20 18:00,江苏,公安部道路交通安全研究中心,,未知公告
中国地质调查局乌鲁木齐自然资源综合调查中心2026年消防水池电力改造项目询价公告,https://www.ccgp.gov.cn/cggg/zygg/xjgg/./202608/t20260820_27174738.htm,2026-08-20 17:23,新疆,中国地质调查局乌鲁木齐自然资源综合调查中心,询价公告,询价公告
光学平台2采购询价公告,https://www.ccgp.gov.cn/cggg/zygg/xjgg/./202608/t20260820_27174307.htm,2026-08-20 17:04,湖北,zycgr20240515,询价公告,询价公告
光学平台1采购询价公告,https://www.ccgp.gov.cn/cggg/zygg/xjgg/./202608/t20260820_27174303.htm,2026-08-20 17:04,湖北,zycgr20240515,询价公告,询价公告
光谱仪（蓝绿）采购询价公告,https://www.ccgp.gov.cn/cggg/zygg/xjgg/./202608/t20260820_27174291.htm,2026-08-20 17:04,湖北,zycgr20240515,询价公告,询价公告
中华人民共和国珲春出入境边防检查站办公家具采购项目（二次）询价公告,https://www.ccgp.gov.cn/cggg/zygg/xjgg/./202608/t20260820_27174180.htm,2026-08-20 17:00,吉林,中华人民共和国珲春出入境边防检查站,询价公告,询价公告
德宏边境管理支队智能案管柜采购项目询价公告,https://www.ccgp.gov.cn/cggg/zygg/xjgg/./202608/t20260820_27170557.htm,2026-08-20 11:39,云南,德宏边境管理支队（德宏州公安局边境管理支队）,询价公告,询价公告
厦门市公安局人民警察训练中心被装采购项目Ⅲ询价公告,https://www.ccgp.gov.cn/cggg/zygg/xjgg/./202608/t20260819_27164753.htm,2026-08-19 15:55,福建,厦门市公安局人民警察训练中心,询价公告,询价公告
公安部大数据中心2025式被装采购项目询价公告,https://www.ccgp.gov.cn/cggg/zygg/xjgg/./202608/t20260819_27164625.htm,2026-08-19 15:50,北京,公安部大数据中心,询价公告,询价公告
某单位1服务器（询价）采购项目需求公告,https://www.ccgp.gov.cn/cggg/zygg/xjgg/./202608/t20260818_27158728.htm,2026-08-18 22:00,上海,某单位1,项目需求公告,项目需求公告
中国艺术研究院(中国非物质文化遗产保护中心)计算机网络设备(询价）采购项目需求公告,https://www.ccgp.gov.cn/cggg/zygg/xjgg/./202608/t20260818_27157450.htm,2026-08-18 18:15,北京,中国艺术研究院(中国非物质文化遗产保护中心),项目需求公告,项目需求公告
国家金融监督管理总局黄南监管分局计算机网络设备(询价）采购项目需求公告,https://www.ccgp.gov.cn/cggg/zygg/xjgg/./202608/t20260818_27157431.htm,2026-08-18 18:15,青海,国家金融监督管理总局黄南监管分局,项目需求公告,项目需求公告
中国人民警察大学计算资源扩容项目服务器（询价）采购项目需求公告,https://www.ccgp.gov.cn/cggg/zygg/xjgg/./202608/t20260818_27157381.htm,2026-08-18 18:10,河北,中国人民警察大学计算资源扩容项目,项目需求公告,项目需求公告
中华人民共和国深圳海事局计算机网络设备(询价）采购项目需求公告,https://www.ccgp.gov.cn/cggg/zygg/xjgg/./202608/t20260818_27157379.htm,2026-08-18 18:10,广东,中华人民共和国深圳海事局,项目需求公告,项目需求公告
中国科学技术信息研究所服务器（询价）采购项目需求公告,https://www.ccgp.gov.cn/cggg/zygg/xjgg/./202608/t20260818_27157371.htm,2026-08-18 18:10,北京,中国科学技术信息研究所,项目需求公告,项目需求公告
国家市场监督管理总局缺陷产品召回技术中心计算机网络设备(询价）采购项目需求公告,https://www.ccgp.gov.cn/cggg/zygg/xjgg/./202608/t20260818_27157368.htm,2026-08-18 18:10,北京,国家市场监督管理总局缺陷产品召回技术中心,项目需求公告,项目需求公告
国家环境分析测试中心计算机网络设备(询价）采购项目需求公告,https://www.ccgp.gov.cn/cggg/zygg/xjgg/./202608/t20260818_27154023.htm,2026-08-18 15:40,北京,国家环境分析测试中心,项目需求公告,项目需求公告
国家广播电视总局监测数据处理中心计算机网络设备(询价）采购项目需求公告,https://www.ccgp.gov.cn/cggg/zygg/xjgg/./202608/t20260818_27154018.htm,2026-08-18 15:40,北京,国家广播电视总局监测数据处理中心,项目需求公告,项目需求公告
中国纤维质量监测中心计算机网络设备(询价）采购项目需求公告,https://www.ccgp.gov.cn/cggg/zygg/xjgg/./202608/t20260818_27154035.htm,2026-08-18 15:40,北京,中国纤维质量监测中心,项目需求公告,项目需求公告
中山大学附属口腔医院计算机网络设备(询价）采购项目需求公告,https://www.ccgp.gov.cn/cggg/zygg/xjgg/./202608/t20260818_27153450.htm,2026-08-18 15:06,广东,中山大学附属口腔医院,项目需求公告,项目需求公告
中国福利彩票发行管理中心打印设备及配件（询价）采购项目需求公告,https://www.ccgp.gov.cn/cggg/zygg/xjgg/./202608/t20260818_27153460.htm,2026-08-18 15:05,北京,中国福利彩票发行管理中心,项目需求公告,项目需求公告
黑河边境管理支队计算机网络设备(询价）采购项目需求公告,https://www.ccgp.gov.cn/cggg/zygg/xjgg/./202608/t20260818_27153473.htm,2026-08-18 15:05,黑龙江,黑河边境管理支队,项目需求公告,项目需求公告
宜宾市南溪区消防救援大队视频会议系统及会议室音频系统（询价）采购项目需求公告,https://www.ccgp.gov.cn/cggg/zygg/xjgg/./202608/t20260818_27153472.htm,2026-08-18 15:05,四川,宜宾市南溪区消防救援大队,项目需求公告,项目需求公告
国家工业信息安全发展研究中心(工业和信息化部电子第一研究所)计算机网络设备(询价）采购项目需求公告,https://www.ccgp.gov.cn/cggg/zygg/xjgg/./202608/t20260818_27153445.htm,2026-08-18 15:05,北京,国家工业信息安全发展研究中心(工业和信息化部电子第一研究所),项目需求公告,项目需求公告
中国地质调查局西安地质调查中心(西北地质科技创新中心)计算机网络设备(询价）采购项目需求公告,https://www.ccgp.gov.cn/cggg/zygg/xjgg/./202608/t20260818_27153469.htm,2026-08-18 15:05,陕西,中国地质调查局西安地质调查中心(西北地质科技创新中心),项目需求公告,项目需求公告
北京大学第六医院计算机网络设备(询价）采购项目需求公告,https://www.ccgp.gov.cn/cggg/zygg/xjgg/./202608/t20260818_27153468.htm,2026-08-18 15:05,北京,北京大学第六医院,项目需求公告,项目需求公告
黑河边境管理支队视频会议系统及会议室音频系统（询价）采购项目需求公告,https://www.ccgp.gov.cn/cggg/zygg/xjgg/./202608/t20260818_27153443.htm,2026-08-18 15:05,黑龙江,黑河边境管理支队,项目需求公告,项目需求公告
国家体育总局秦皇岛训练基地(中国足球学校)视频会议系统及会议室音频系统（询价）采购项目需求公告,https://www.ccgp.gov.cn/cggg/zygg/xjgg/./202608/t20260818_27153441.htm,2026-08-18 15:05,河北,国家体育总局秦皇岛训练基地(中国足球学校),项目需求公告,项目需求公告
中华人民共和国徐州出入境边防检查站计算机网络设备(询价）采购项目需求公告,https://www.ccgp.gov.cn/cggg/zygg/xjgg/./202608/t20260818_27153458.htm,2026-08-18 15:05,江苏,中华人民共和国徐州出入境边防检查站,项目需求公告,项目需求公告
中华人民共和国广西海事局计算机网络设备(询价）采购项目需求公告,https://www.ccgp.gov.cn/cggg/zygg/xjgg/./202608/t20260818_27153467.htm,2026-08-18 15:05,广西,中华人民共和国广西海事局,项目需求公告,项目需求公告
中国人民公安大学服务器（询价）采购项目需求公告,https://www.ccgp.gov.cn/cggg/zygg/xjgg/./202608/t20260818_27153437.htm,2026-08-18 15:05,北京,中国人民公安大学,项目需求公告,项目需求公告
国家金融监督管理总局黄南监管分局视频会议系统及会议室音频系统（询价）采购项目需求公告,https://www.ccgp.gov.cn/cggg/zygg/xjgg/./202608/t20260818_27153465.htm,2026-08-18 15:05,青海,国家金融监督管理总局黄南监管分局,项目需求公告,项目需求公告
黔东南苗族侗族自治州消防救援支队视频会议系统及会议室音频系统（询价）采购项目需求公告,https://www.ccgp.gov.cn/cggg/zygg/xjgg/./202608/t20260818_27153425.htm,2026-08-18 15:05,贵州,黔东南苗族侗族自治州消防救援支队,项目需求公告,项目需求公告
中华人民共和国连云港海事局服务器（询价）采购项目需求公告,https://www.ccgp.gov.cn/cggg/zygg/xjgg/./202608/t20260818_27153332.htm,2026-08-18 14:55,江苏,中华人民共和国连云港海事局,项目需求公告,项目需求公告
中华人民共和国黑龙江出入境边防检查总站(黑龙江省公安厅边境管理总队)服务器（询价）采购项目需求公告,https://www.ccgp.gov.cn/cggg/zygg/xjgg/./202608/t20260818_27153306.htm,2026-08-18 14:55,黑龙江,中华人民共和国黑龙江出入境边防检查总站(黑龙江省公安厅边境管理总队),项目需求公告,项目需求公告
中国水利水电科学研究院服务器（询价）采购项目需求公告,https://www.ccgp.gov.cn/cggg/zygg/xjgg/./202608/t20260818_27153313.htm,2026-08-18 14:55,北京,中国水利水电科学研究院,项目需求公告,项目需求公告
中国残疾人联合会信息中心计算机网络设备(询价）采购项目需求公告,https://www.ccgp.gov.cn/cggg/zygg/xjgg/./202608/t20260818_27153303.htm,2026-08-18 14:55,北京,中国残疾人联合会信息中心,项目需求公告,项目需求公告
建材工业质量认证管理中心服务器（询价）采购项目需求公告,https://www.ccgp.gov.cn/cggg/zygg/xjgg/./202608/t20260818_27153301.htm,2026-08-18 14:55,北京,建材工业质量认证管理中心,项目需求公告,项目需求公告
上海铁路公安局南京公安处扫描仪及配件（询价）采购项目需求公告,https://www.ccgp.gov.cn/cggg/zygg/xjgg/./202608/t20260818_27153297.htm,2026-08-18 14:55,江苏,上海铁路公安局南京公安处,项目需求公告,项目需求公告
国家卫星海洋应用中心服务器（询价）采购项目需求公告,https://www.ccgp.gov.cn/cggg/zygg/xjgg/./202608/t20260818_27153271.htm,2026-08-18 14:55,北京,国家卫星海洋应用中心,项目需求公告,项目需求公告
云南省消防救援总队训练与战勤保障支队计算机网络设备(询价）采购项目需求公告,https://www.ccgp.gov.cn/cggg/zygg/xjgg/./202608/t20260818_27153215.htm,2026-08-18 14:50,云南,云南省消防救援总队训练与战勤保障支队,项目需求公告,项目需求公告
中国工业互联网研究院计算机网络设备(询价）采购项目需求公告,https://www.ccgp.gov.cn/cggg/zygg/xjgg/./202608/t20260818_27153223.htm,2026-08-18 14:50,北京,中国工业互联网研究院,项目需求公告,项目需求公告
中华人民共和国黑龙江出入境边防检查总站(黑龙江省公安厅边境管理总队)计算机网络设备(询价）采购项目需求公告,https://www.ccgp.gov.cn/cggg/zygg/xjgg/./202608/t20260818_27153214.htm,2026-08-18 14:50,黑龙江,中华人民共和国黑龙江出入境边防检查总站(黑龙江省公安厅边境管理总队),项目需求公告,项目需求公告
交通运输部南海航海保障中心计算机网络设备(询价）采购项目需求公告,https://www.ccgp.gov.cn/cggg/zygg/xjgg/./202608/t20260818_27153220.htm,2026-08-18 14:50,广东,交通运输部南海航海保障中心,项目需求公告,项目需求公告
深圳湾出入境边防检查站计算机网络设备(询价）采购项目需求公告,https://www.ccgp.gov.cn/cggg/zygg/xjgg/./202608/t20260818_27153213.htm,2026-08-18 14:50,广东,深圳湾出入境边防检查站,项目需求公告,项目需求公告
国家金融监督管理总局内蒙古监管局多功能一体机及配件（询价）采购项目需求公告,https://www.ccgp.gov.cn/cggg/zygg/xjgg/./202608/t20260818_27153219.htm,2026-08-18 14:50,内蒙古,国家金融监督管理总局内蒙古监管局,项目需求公告,项目需求公告
中国药科大学台式计算机及配件（询价）采购项目需求公告,https://www.ccgp.gov.cn/cggg/zygg/xjgg/./202608/t20260818_27153218.htm,2026-08-18 14:50,江苏,中国药科大学,项目需求公告,项目需求公告
国家金融监督管理总局大连监管局计算机网络设备(询价）采购项目需求公告,https://www.ccgp.gov.cn/cggg/zygg/xjgg/./202608/t20260818_27153217.htm,2026-08-18 14:50,辽宁,国家金融监督管理总局大连监管局,项目需求公告,项目需求公告
中国科学院高能物理研究所计算机网络设备(询价）采购项目需求公告,https://www.ccgp.gov.cn/cggg/zygg/xjgg/./202608/t20260818_27153233.htm,2026-08-18 14:50,北京,中国科学院高能物理研究所,项目需求公告,项目需求公告
自然资源部北海局保障中心服务器（询价）采购项目需求公告,https://www.ccgp.gov.cn/cggg/zygg/xjgg/./202608/t20260818_27153245.htm,2026-08-18 14:50,山东,自然资源部北海局保障中心,项目需求公告,项目需求公告
国家金融监督管理总局深圳监管局计算机网络设备(询价）采购项目需求公告,https://www.ccgp.gov.cn/cggg/zygg/xjgg/./202608/t20260818_27153243.htm,2026-08-18 14:50,广东,国家金融监督管理总局深圳监管局,项目需求公告,项目需求公告
中国地质调查局西安地质调查中心(西北地质科技创新中心)计算机网络设备(询价）采购项目需求公告,https://www.ccgp.gov.cn/cggg/zygg/xjgg/./202608/t20260818_27153242.htm,2026-08-18 14:50,陕西,中国地质调查局西安地质调查中心(西北地质科技创新中心),项目需求公告,项目需求公告
松辽水利委员会察尔森水库管理局计算机网络设备(询价）采购项目需求公告,https://www.ccgp.gov.cn/cggg/zygg/xjgg/./202608/t20260818_27153176.htm,2026-08-18 14:45,内蒙古,松辽水利委员会察尔森水库管理局,项目需求公告,项目需求公告
某单位交通研究所服务器（询价）采购项目需求公告,https://www.ccgp.gov.cn/cggg/zygg/xjgg/./202608/t20260818_27153175.htm,2026-08-18 14:45,江苏,某单位交通研究所,项目需求公告,项目需求公告
首都机场公安局打印设备及配件（询价）采购项目需求公告,https://www.ccgp.gov.cn/cggg/zygg/xjgg/./202608/t20260818_27153174.htm,2026-08-18 14:45,北京,首都机场公安局,项目需求公告,项目需求公告
中华人民共和国伊尔克什坦出入境边防检查站视频会议系统及会议室音频系统（询价）采购项目需求公告,https://www.ccgp.gov.cn/cggg/zygg/xjgg/./202608/t20260818_27153162.htm,2026-08-18 14:45,新疆,中华人民共和国伊尔克什坦出入境边防检查站,项目需求公告,项目需求公告
华中科技大学同济医学院附属协和医院服务器（询价）采购项目需求公告,https://www.ccgp.gov.cn/cggg/zygg/xjgg/./202608/t20260818_27153161.htm,2026-08-18 14:45,湖北,华中科技大学同济医学院附属协和医院,项目需求公告,项目需求公告
烟台打捞局服务器（询价）采购项目需求公告,https://www.ccgp.gov.cn/cggg/zygg/xjgg/./202608/t20260818_27153158.htm,2026-08-18 14:45,山东,烟台打捞局,项目需求公告,项目需求公告
中国科学院亚热带农业生态研究所服务器（询价）采购项目需求公告,https://www.ccgp.gov.cn/cggg/zygg/xjgg/./202608/t20260818_27153171.htm,2026-08-18 14:45,湖南,中国科学院亚热带农业生态研究所,项目需求公告,项目需求公告
工业和信息化部电子第五研究所服务器（询价）采购项目需求公告,https://www.ccgp.gov.cn/cggg/zygg/xjgg/./202608/t20260818_27153170.htm,2026-08-18 14:45,广东,工业和信息化部电子第五研究所,项目需求公告,项目需求公告
中华人民共和国西九龙出入境边防检查站计算机网络设备(询价）采购项目需求公告,https://www.ccgp.gov.cn/cggg/zygg/xjgg/./202608/t20260818_27153155.htm,2026-08-18 14:45,广东,中华人民共和国西九龙出入境边防检查站,项目需求公告,项目需求公告
中国民用航空温州空中交通管理站计算机网络设备(询价）采购项目需求公告,https://www.ccgp.gov.cn/cggg/zygg/xjgg/./202608/t20260818_27153151.htm,2026-08-18 14:45,浙江,中国民用航空温州空中交通管理站,项目需求公告,项目需求公告
国家金融监督管理总局大连监管局计算机网络设备(询价）采购项目需求公告,https://www.ccgp.gov.cn/cggg/zygg/xjgg/./202608/t20260818_27153146.htm,2026-08-18 14:45,辽宁,国家金融监督管理总局大连监管局,项目需求公告,项目需求公告
中国人民公安大学服务器（询价）采购项目需求公告,https://www.ccgp.gov.cn/cggg/zygg/xjgg/./202608/t20260818_27153075.htm,2026-08-18 14:40,北京,中国人民公安大学,项目需求公告,项目需求公告
四川大学信息化建设与管理办公室视频会议系统及会议室音频系统（询价）采购项目需求公告,https://www.ccgp.gov.cn/cggg/zygg/xjgg/./202608/t20260818_27153074.htm,2026-08-18 14:40,四川,四川大学信息化建设与管理办公室,项目需求公告,项目需求公告
中国科学院半导体研究所服务器（询价）采购项目需求公告,https://www.ccgp.gov.cn/cggg/zygg/xjgg/./202608/t20260818_27153070.htm,2026-08-18 14:40,北京,中国科学院半导体研究所,项目需求公告,项目需求公告
中国农业科学院农业经济与发展研究所服务器（询价）采购项目需求公告,https://www.ccgp.gov.cn/cggg/zygg/xjgg/./202608/t20260818_27153069.htm,2026-08-18 14:40,北京,中国农业科学院农业经济与发展研究所,项目需求公告,项目需求公告
中国人民大学视频会议系统及会议室音频系统（询价）采购项目需求公告,https://www.ccgp.gov.cn/cggg/zygg/xjgg/./202608/t20260818_27153085.htm,2026-08-18 14:40,北京,中国人民大学,项目需求公告,项目需求公告
中国人民公安大学计算机网络设备(询价）采购项目需求公告,https://www.ccgp.gov.cn/cggg/zygg/xjgg/./202608/t20260818_27153084.htm,2026-08-18 14:40,北京,中国人民公安大学,项目需求公告,项目需求公告
中国人民大学计算机网络设备(询价）采购项目需求公告,https://www.ccgp.gov.cn/cggg/zygg/xjgg/./202608/t20260818_27153092.htm,2026-08-18 14:40,北京,中国人民大学,项目需求公告,项目需求公告
青岛市消防救援支队计算机网络设备(询价）采购项目需求公告,https://www.ccgp.gov.cn/cggg/zygg/xjgg/./202608/t20260818_27153081.htm,2026-08-18 14:40,山东,青岛市消防救援支队,项目需求公告,项目需求公告
公安部道路交通安全研究中心高精度位姿测量设备询价公告,https://www.ccgp.gov.cn/cggg/zygg/xjgg/./202608/t20260818_27151342.htm,2026-08-18 10:30,北京,公安部道路交通安全研究中心,询价公告,询价公告
中国地质调查局自然资源综合调查指挥中心行业级无人机平台+专业载荷（二次）询价公告,https://www.ccgp.gov.cn/cggg/zygg/xjgg/./202608/t20260818_27151145.htm,2026-08-18 10:05,北京,中国地质调查局自然资源综合调查指挥中心,询价公告,询价公告
中华人民共和国阿拉山口出入境边防检查站办公家具采购项目询价公告,https://www.ccgp.gov.cn/cggg/zygg/xjgg/./202608/t20260817_27149946.htm,2026-08-17 20:56,新疆,中华人民共和国阿拉山口出入境边防检查站,询价公告,询价公告
中国地质调查局自然资源综合调查指挥中心一体化单屏会议电视终端（三次）询价公告,https://www.ccgp.gov.cn/cggg/zygg/xjgg/./202608/t20260817_27143260.htm,2026-08-17 10:41,北京,中国地质调查局自然资源综合调查指挥中心,询价公告,询价公告
江西省鼎跃招标咨询有限公司关于江西省南昌市西湖区消防救援大队2026年办公用品定点采购项目（采购编号：JXDY2026-HW-X0005）询价公告,https://www.ccgp.gov.cn/cggg/zygg/xjgg/./202608/t20260814_27135075.htm,2026-08-14 15:43,江西,南昌市西湖区消防救援大队,询价公告,询价公告
邛崃市消防救援大队设施设备一批采购项目（第二次）询价公告,https://www.ccgp.gov.cn/cggg/zygg/xjgg/./202608/t20260814_27134904.htm,2026-08-14 15:34,四川,邛崃市消防救援大队,询价公告,询价公告
离退休人员2026年生日慰问品采购询价公告,https://www.ccgp.gov.cn/cggg/zygg/xjgg/./202608/t20260814_27134836.htm,2026-08-14 15:32,广东,中华人民共和国黄埔海关,询价公告,询价公告
中华人民共和国珲春出入境边防检查站办公家具采购项目询价公告,https://www.ccgp.gov.cn/cggg/zygg/xjgg/./202608/t20260814_27133515.htm,2026-08-14 12:26,吉林,中华人民共和国珲春出入境边防检查站,询价公告,询价公告
光纤租赁项目询价公告,https://www.ccgp.gov.cn/cggg/zygg/xjgg/./202608/t20260814_27133335.htm,2026-08-14 11:27,北京,SPD-01,询价公告,询价公告
中国人民银行吐鲁番市分行办公电子耗材采购项目（二次）询价公告,https://www.ccgp.gov.cn/cggg/zygg/xjgg/./202608/t20260813_27131298.htm,2026-08-13 22:33,新疆,中国人民银行吐鲁番市分行,询价公告,询价公告
中国疾病预防控制中心营养与健康所显示屏及会议系统移动操作终端采购项目询价公告,https://www.ccgp.gov.cn/cggg/zygg/xjgg/./202608/t20260813_27124294.htm,2026-08-13 09:49,北京,中国疾病预防控制中心营养与健康所,询价公告,询价公告
西安市某单位应急防汛设备及物资采购项目询价公告,https://www.ccgp.gov.cn/cggg/zygg/xjgg/./202608/t20260812_27119734.htm,2026-08-12 16:23,陕西,SPD-A55,询价公告,询价公告
鲁中区域灭火与应急救援中心电教室装修改造项目询价公告,https://www.ccgp.gov.cn/cggg/zygg/xjgg/./202608/t20260812_27118276.htm,2026-08-12 14:57,山东,淄博市消防救援支队,询价公告,询价公告
西双版纳出入境边防检查站口岸查验设施设备采购项目询价公告,https://www.ccgp.gov.cn/cggg/zygg/xjgg/./202608/t20260812_27117354.htm,2026-08-12 11:59,云南,中华人民共和国西双版纳出入境边防检查站,询价公告,询价公告
都兰县消防救援大队健身设备采购项目（第三次）询价公告,https://www.ccgp.gov.cn/cggg/zygg/xjgg/./202608/t20260812_27117124.htm,2026-08-12 11:43,青海,海西蒙古族藏族自治州消防救援支队,询价公告,询价公告
中国地质调查局长沙自然资源综合调查中心重载无人机运输车采购询价公告,https://www.ccgp.gov.cn/cggg/zygg/xjgg/./202608/t20260811_27109864.htm,2026-08-11 14:47,湖南,中国地质调查局长沙自然资源综合调查中心,询价公告,询价公告
德宏边境管理支队执法数据采集设备采购项目询价采购公告,https://www.ccgp.gov.cn/cggg/zygg/xjgg/./202608/t20260811_27109678.htm,2026-08-11 14:24,云南,德宏边境管理支队（德宏州公安局边境管理支队）,询价采购公告,询价公告
中华人民共和国唐山海事局计算机网络设备(询价）采购项目需求公告,https://www.ccgp.gov.cn/cggg/zygg/xjgg/./202608/t20260810_27106702.htm,2026-08-10 20:10,河北,中华人民共和国唐山海事局,项目需求公告,项目需求公告
新华通讯社河北分社计算机网络设备(询价）采购项目需求公告,https://www.ccgp.gov.cn/cggg/zygg/xjgg/./202608/t20260810_27106704.htm,2026-08-10 20:10,河北,新华通讯社河北分社,项目需求公告,项目需求公告
中国城市规划设计研究院（住房和城乡建设部遥感应用中心）计算机网络设备(询价）采购项目需求公告,https://www.ccgp.gov.cn/cggg/zygg/xjgg/./202608/t20260810_27106703.htm,2026-08-10 20:10,北京,中国城市规划设计研究院（住房和城乡建设部遥感应用中心）,项目需求公告,项目需求公告
邛崃市消防救援大队设施设备一批采购项目询价公告,https://www.ccgp.gov.cn/cggg/zygg/xjgg/./202608/t20260810_27106041.htm,2026-08-10 18:22,四川,邛崃市消防救援大队,询价公告,询价公告
SPD-29江西某单位营院刮瓷修补工程采购项目询价公告,https://www.ccgp.gov.cn/cggg/zygg/xjgg/./202608/t20260810_27106247.htm,2026-08-10 18:14,江西,SPD-29,询价公告,询价公告
中国人民银行甘肃省分行驾驶式洗刷吸一体机采购项目询价公告,https://www.ccgp.gov.cn/cggg/zygg/xjgg/./202608/t20260810_27105838.htm,2026-08-10 18:05,甘肃,中国人民银行甘肃省分行,询价公告,询价公告
三明海关综合技术服务中心2026年纯水机设备采购项目询价公告,https://www.ccgp.gov.cn/cggg/zygg/xjgg/./202608/t20260810_27104867.htm,2026-08-10 17:16,福建,三明海关综合技术服务中心,询价公告,询价公告
中国测绘科学研究院图形工作站询价公告,https://www.ccgp.gov.cn/cggg/zygg/xjgg/./202608/t20260810_27103557.htm,2026-08-10 16:15,北京,中国测绘科学研究院,询价公告,询价公告
中国政协文史馆计算机网络设备(询价）采购项目需求公告,https://www.ccgp.gov.cn/cggg/zygg/xjgg/./202608/t20260810_27102545.htm,2026-08-10 15:10,北京,中国政协文史馆,项目需求公告,项目需求公告
自然资源部第一地理信息制图院(陕西省第六测绘地理信息工程院)计算机网络设备(询价）采购项目需求公告,https://www.ccgp.gov.cn/cggg/zygg/xjgg/./202608/t20260810_27102555.htm,2026-08-10 15:10,陕西,自然资源部第一地理信息制图院(陕西省第六测绘地理信息工程院),项目需求公告,项目需求公告
中华人民共和国郑州海关计算机网络设备(询价）采购项目需求公告,https://www.ccgp.gov.cn/cggg/zygg/xjgg/./202608/t20260810_27102554.htm,2026-08-10 15:10,河南,中华人民共和国郑州海关,项目需求公告,项目需求公告
宁夏回族自治区气象数据中心(宁夏回族自治区气象探测中心、宁夏回族自治区气象档案馆)计算机网络设备(询价）采购项目需求公告,https://www.ccgp.gov.cn/cggg/zygg/xjgg/./202608/t20260810_27102552.htm,2026-08-10 15:10,宁夏,宁夏回族自治区气象数据中心(宁夏回族自治区气象探测中心、宁夏回族自治区气象档案馆),项目需求公告,项目需求公告
国家统计局云南调查总队服务器（询价）采购项目需求公告,https://www.ccgp.gov.cn/cggg/zygg/xjgg/./202608/t20260810_27102547.htm,2026-08-10 15:10,云南,国家统计局云南调查总队,项目需求公告,项目需求公告
中华人民共和国延吉出入境边防检查站计算机网络设备(询价）采购项目需求公告,https://www.ccgp.gov.cn/cggg/zygg/xjgg/./202608/t20260810_27102496.htm,2026-08-10 15:05,吉林,中华人民共和国延吉出入境边防检查站,项目需求公告,项目需求公告
昌平国家实验室多功能一体机及配件（询价）采购项目需求公告,https://www.ccgp.gov.cn/cggg/zygg/xjgg/./202608/t20260810_27102498.htm,2026-08-10 15:05,北京,昌平国家实验室,项目需求公告,项目需求公告
中华人民共和国珠海出入境边防检查总站计算机网络设备(询价）采购项目需求公告,https://www.ccgp.gov.cn/cggg/zygg/xjgg/./202608/t20260810_27102495.htm,2026-08-10 15:05,广东,中华人民共和国珠海出入境边防检查总站,项目需求公告,项目需求公告
中国社会科学院图书馆服务器（询价）采购项目需求公告,https://www.ccgp.gov.cn/cggg/zygg/xjgg/./202608/t20260810_27102497.htm,2026-08-10 15:05,北京,中国社会科学院图书馆,项目需求公告,项目需求公告
中国财税博物馆计算机网络设备(询价）采购项目需求公告,https://www.ccgp.gov.cn/cggg/zygg/xjgg/./202608/t20260810_27102494.htm,2026-08-10 15:05,浙江,中国财税博物馆,项目需求公告,项目需求公告
国家税务总局菏泽鲁西新区税务局视频会议系统及会议室音频系统（询价）采购项目需求公告,https://www.ccgp.gov.cn/cggg/zygg/xjgg/./202608/t20260810_27102493.htm,2026-08-10 15:05,山东,国家税务总局菏泽鲁西新区税务局,项目需求公告,项目需求公告
中华人民共和国珠海出入境边防检查总站计算机网络设备(询价）采购项目需求公告,https://www.ccgp.gov.cn/cggg/zygg/xjgg/./202608/t20260810_27102507.htm,2026-08-10 15:05,广东,中华人民共和国珠海出入境边防检查总站,项目需求公告,项目需求公告
国家广播电视总局中央广播电视塔管理中心计算机网络设备(询价）采购项目需求公告,https://www.ccgp.gov.cn/cggg/zygg/xjgg/./202608/t20260810_27102492.htm,2026-08-10 15:05,北京,国家广播电视总局中央广播电视塔管理中心,项目需求公告,项目需求公告
某单位研究中心服务器（询价）采购项目需求公告,https://www.ccgp.gov.cn/cggg/zygg/xjgg/./202608/t20260810_27102506.htm,2026-08-10 15:05,北京,某单位研究中心,项目需求公告,项目需求公告
自然资源部第四航测遥感院计算机网络设备(询价）采购项目需求公告,https://www.ccgp.gov.cn/cggg/zygg/xjgg/./202608/t20260810_27102505.htm,2026-08-10 15:05,海南,自然资源部第四航测遥感院,项目需求公告,项目需求公告
司法行政学院视频会议系统及会议室音频系统（询价）采购项目需求公告,https://www.ccgp.gov.cn/cggg/zygg/xjgg/./202608/t20260810_27102504.htm,2026-08-10 15:05,北京,司法行政学院,项目需求公告,项目需求公告
中国电子口岸数据中心青岛分中心计算机网络设备(询价）采购项目需求公告,https://www.ccgp.gov.cn/cggg/zygg/xjgg/./202608/t20260810_27102484.htm,2026-08-10 15:05,山东,中国电子口岸数据中心青岛分中心,项目需求公告,项目需求公告
中华人民共和国珠海出入境边防检查总站视频会议系统及会议室音频系统（询价）采购项目需求公告,https://www.ccgp.gov.cn/cggg/zygg/xjgg/./202608/t20260810_27102503.htm,2026-08-10 15:05,广东,中华人民共和国珠海出入境边防检查总站,项目需求公告,项目需求公告
天津市地震局服务器（询价）采购项目需求公告,https://www.ccgp.gov.cn/cggg/zygg/xjgg/./202608/t20260810_27102455.htm,2026-08-10 15:05,天津,天津市地震局,项目需求公告,项目需求公告
贵阳市消防救援支队视频会议系统及会议室音频系统（询价）采购项目需求公告,https://www.ccgp.gov.cn/cggg/zygg/xjgg/./202608/t20260810_27102477.htm,2026-08-10 15:05,贵州,贵阳市消防救援支队,项目需求公告,项目需求公告
中华人民共和国九洲出入境边防检查站服务器（询价）采购项目需求公告,https://www.ccgp.gov.cn/cggg/zygg/xjgg/./202608/t20260810_27102397.htm,2026-08-10 15:00,广东,中华人民共和国九洲出入境边防检查站,项目需求公告,项目需求公告
河北省消防救援总队计算机网络设备(询价）采购项目需求公告,https://www.ccgp.gov.cn/cggg/zygg/xjgg/./202608/t20260810_27102396.htm,2026-08-10 15:00,河北,河北省消防救援总队,项目需求公告,项目需求公告
中华人民共和国南宁海关视频会议系统及会议室音频系统（询价）采购项目需求公告,https://www.ccgp.gov.cn/cggg/zygg/xjgg/./202608/t20260810_27102429.htm,2026-08-10 15:00,广西,中华人民共和国南宁海关,项目需求公告,项目需求公告
中国科学院大学服务器（询价）采购项目需求公告,https://www.ccgp.gov.cn/cggg/zygg/xjgg/./202608/t20260810_27102428.htm,2026-08-10 15:00,北京,中国科学院大学,项目需求公告,项目需求公告
民航总医院打印设备及配件（询价）采购项目需求公告,https://www.ccgp.gov.cn/cggg/zygg/xjgg/./202608/t20260810_27102422.htm,2026-08-10 15:00,北京,民航总医院,项目需求公告,项目需求公告
中国人民银行广西壮族自治区分行计算机网络设备(询价）采购项目需求公告,https://www.ccgp.gov.cn/cggg/zygg/xjgg/./202608/t20260810_27102412.htm,2026-08-10 15:00,广西,中国人民银行广西壮族自治区分行,项目需求公告,项目需求公告
中华人民共和国莱州出入境边防检查站计算机网络设备(询价）采购项目需求公告,https://www.ccgp.gov.cn/cggg/zygg/xjgg/./202608/t20260810_27102420.htm,2026-08-10 15:00,山东,中华人民共和国莱州出入境边防检查站,项目需求公告,项目需求公告
中华人民共和国黄埔海关服务器（询价）采购项目需求公告,https://www.ccgp.gov.cn/cggg/zygg/xjgg/./202608/t20260810_27102395.htm,2026-08-10 15:00,广东,中华人民共和国黄埔海关,项目需求公告,项目需求公告
中华人民共和国珠海出入境边防检查总站视频会议系统及会议室音频系统（询价）采购项目需求公告,https://www.ccgp.gov.cn/cggg/zygg/xjgg/./202608/t20260810_27102394.htm,2026-08-10 15:00,广东,中华人民共和国珠海出入境边防检查总站,项目需求公告,项目需求公告
西南民族大学实验室建设管理处计算机网络设备(询价）采购项目需求公告,https://www.ccgp.gov.cn/cggg/zygg/xjgg/./202608/t20260810_27102418.htm,2026-08-10 15:00,四川,西南民族大学实验室建设管理处,项目需求公告,项目需求公告
中华人民共和国黑龙江出入境边防检查总站(黑龙江省公安厅边境管理总队)视频会议系统及会议室音频系统（询价）采购项目需求公告,https://www.ccgp.gov.cn/cggg/zygg/xjgg/./202608/t20260810_27102415.htm,2026-08-10 15:00,黑龙江,中华人民共和国黑龙江出入境边防检查总站(黑龙江省公安厅边境管理总队),项目需求公告,项目需求公告
上海市地震局服务器（询价）采购项目需求公告,https://www.ccgp.gov.cn/cggg/zygg/xjgg/./202608/t20260810_27102410.htm,2026-08-10 15:00,上海,上海市地震局,项目需求公告,项目需求公告
宁夏回族自治区气象数据中心(宁夏回族自治区气象探测中心、宁夏回族自治区气象档案馆)计算机网络设备(询价）采购项目需求公告,https://www.ccgp.gov.cn/cggg/zygg/xjgg/./202608/t20260810_27102408.htm,2026-08-10 15:00,宁夏,宁夏回族自治区气象数据中心(宁夏回族自治区气象探测中心、宁夏回族自治区气象档案馆),项目需求公告,项目需求公告
上海市地震局视频会议系统及会议室音频系统（询价）采购项目需求公告,https://www.ccgp.gov.cn/cggg/zygg/xjgg/./202608/t20260810_27102407.htm,2026-08-10 15:00,上海,上海市地震局,项目需求公告,项目需求公告
某单位视频会议系统及会议室音频系统（询价）采购项目需求公告,https://www.ccgp.gov.cn/cggg/zygg/xjgg/./202608/t20260810_27102406.htm,2026-08-10 15:00,北京,某单位,项目需求公告,项目需求公告
江南大学服务器（询价）采购项目需求公告,https://www.ccgp.gov.cn/cggg/zygg/xjgg/./202608/t20260810_27102374.htm,2026-08-10 14:55,江苏,江南大学,项目需求公告,项目需求公告
中国地质科学院地球物理地球化学勘查研究所计算机网络设备(询价）采购项目需求公告,https://www.ccgp.gov.cn/cggg/zygg/xjgg/./202608/t20260810_27102369.htm,2026-08-10 14:55,天津,中国地质科学院地球物理地球化学勘查研究所,项目需求公告,项目需求公告
zycgr22011902多功能一体机及配件（询价）采购项目需求公告,https://www.ccgp.gov.cn/cggg/zygg/xjgg/./202608/t20260810_27102368.htm,2026-08-10 14:55,北京,zycgr22011902,项目需求公告,项目需求公告
中国民用航空中南地区空中交通管理局计算机网络设备(询价）采购项目需求公告,https://www.ccgp.gov.cn/cggg/zygg/xjgg/./202608/t20260810_27102373.htm,2026-08-10 14:55,广东,中国民用航空中南地区空中交通管理局,项目需求公告,项目需求公告
中华人民共和国海口出入境边防检查总站计算机网络设备(询价）采购项目需求公告,https://www.ccgp.gov.cn/cggg/zygg/xjgg/./202608/t20260810_27102359.htm,2026-08-10 14:55,海南,中华人民共和国海口出入境边防检查总站,项目需求公告,项目需求公告
工业和信息化部电子第五研究所服务器（询价）采购项目需求公告,https://www.ccgp.gov.cn/cggg/zygg/xjgg/./202608/t20260810_27102358.htm,2026-08-10 14:55,广东,工业和信息化部电子第五研究所,项目需求公告,项目需求公告
临沂市消防救援支队计算机网络设备(询价）采购项目需求公告,https://www.ccgp.gov.cn/cggg/zygg/xjgg/./202608/t20260810_27102357.htm,2026-08-10 14:55,山东,临沂市消防救援支队,项目需求公告,项目需求公告
国家药品监督管理局信息中心计算机网络设备(询价）采购项目需求公告,https://www.ccgp.gov.cn/cggg/zygg/xjgg/./202608/t20260810_27102371.htm,2026-08-10 14:55,北京,国家药品监督管理局信息中心,项目需求公告,项目需求公告
中国气象局上海台风研究所(上海市气象科学研究所)服务器（询价）采购项目需求公告,https://www.ccgp.gov.cn/cggg/zygg/xjgg/./202608/t20260810_27102356.htm,2026-08-10 14:55,上海,中国气象局上海台风研究所(上海市气象科学研究所),项目需求公告,项目需求公告
中国标准化研究院多功能一体机及配件（询价）采购项目需求公告,https://www.ccgp.gov.cn/cggg/zygg/xjgg/./202608/t20260810_27102355.htm,2026-08-10 14:55,北京,中国标准化研究院,项目需求公告,项目需求公告
中国科学技术信息研究所服务器（询价）采购项目需求公告,https://www.ccgp.gov.cn/cggg/zygg/xjgg/./202608/t20260810_27102353.htm,2026-08-10 14:55,北京,中国科学技术信息研究所,项目需求公告,项目需求公告
中国疾病预防控制中心传染病预防控制所服务器（询价）采购项目需求公告,https://www.ccgp.gov.cn/cggg/zygg/xjgg/./202608/t20260810_27102370.htm,2026-08-10 14:55,北京,中国疾病预防控制中心传染病预防控制所,项目需求公告,项目需求公告
中华人民共和国南京出入境边防检查站计算机网络设备(询价）采购项目需求公告,https://www.ccgp.gov.cn/cggg/zygg/xjgg/./202608/t20260810_27102336.htm,2026-08-10 14:55,江苏,中华人民共和国南京出入境边防检查站,项目需求公告,项目需求公告
2026年公安部道路交通安全研究中心服务器采购项目Ⅱ询价公告,https://www.ccgp.gov.cn/cggg/zygg/xjgg/./202608/t20260810_27101865.htm,2026-08-10 13:40,北京,公安部道路交通安全研究中心,询价公告,询价公告
中华人民共和国湖南出入境边防检查总站训练器材采购项目询价公告,https://www.ccgp.gov.cn/cggg/zygg/xjgg/./202608/t20260810_27101132.htm,2026-08-10 11:28,湖南,中华人民共和国湖南出入境边防检查总站,询价公告,询价公告
中国地质调查局自然资源综合调查指挥中心一体化单屏会议电视终端（二次）采购项目询价公告,https://www.ccgp.gov.cn/cggg/zygg/xjgg/./202608/t20260810_27101044.htm,2026-08-10 11:19,北京,中国地质调查局自然资源综合调查指挥中心,询价公告,询价公告
比武装备购置项目（第二次）询价公告,https://www.ccgp.gov.cn/cggg/zygg/xjgg/./202608/t20260810_27100566.htm,2026-08-10 09:43,北京,SPD-01,询价公告,询价公告
博州边境管理支队训练器材采购项目询价公告,https://www.ccgp.gov.cn/cggg/zygg/xjgg/./202608/t20260807_27096728.htm,2026-08-07 19:14,新疆,博州边境管理支队,询价公告,询价公告
中华人民共和国上海机场出入境边防检查站床垫及床上用品询价公告（第二次）,https://www.ccgp.gov.cn/cggg/zygg/xjgg/./202608/t20260807_27093555.htm,2026-08-07 16:28,上海,中华人民共和国上海机场出入境边防检查站,用品询价公告,询价公告
国家统计局海南调查总队印刷项目供货商遴选公告询价公告,https://www.ccgp.gov.cn/cggg/zygg/xjgg/./202608/t20260807_27089847.htm,2026-08-07 10:19,海南,国家统计局海南调查总队,询价公告,询价公告
中国人民银行深圳市分行采购微机视频信息保护系统（第三次采购）（包2-光纤网卡）询价公告,https://www.ccgp.gov.cn/cggg/zygg/xjgg/./202608/t20260806_27086788.htm,2026-08-06 17:49,广东,中国人民银行深圳市分行,询价公告,询价公告
黄埔海关2025年口岸检疫查验能力提升专项采购节约资金增购设备采购（项目编号：GZSW26000HX2141）询价公告,https://www.ccgp.gov.cn/cggg/zygg/xjgg/./202608/t20260806_27085050.htm,2026-08-06 16:35,广东,中华人民共和国黄埔海关,询价公告,询价公告
中国科学院国家天文台中卫站望远镜运维服务项目（2026年度）询价公告,https://www.ccgp.gov.cn/cggg/zygg/xjgg/./202608/t20260806_27084308.htm,2026-08-06 16:01,北京,中国科学院国家天文台,询价公告,询价公告
2026年度宁德海洋中心实验仪器设备采购项目询价公告,https://www.ccgp.gov.cn/cggg/zygg/xjgg/./202608/t20260806_27081195.htm,2026-08-06 09:58,福建,国家海洋局宁德海洋环境监测中心站,询价公告,询价公告
成都市消防救援支队潜水救援技术培训服务项目询价公告,https://www.ccgp.gov.cn/cggg/zygg/xjgg/./202608/t20260804_27069132.htm,2026-08-04 16:52,四川,成都市消防救援支队,询价公告,询价公告
成都市消防救援支队水域救援培训服务项目询价公告,https://www.ccgp.gov.cn/cggg/zygg/xjgg/./202608/t20260804_27069084.htm,2026-08-04 16:51,四川,成都市消防救援支队,询价公告,询价公告
成都市消防救援支队绳索救援技术培训服务项目询价公告,https://www.ccgp.gov.cn/cggg/zygg/xjgg/./202608/t20260804_27069082.htm,2026-08-04 16:51,四川,成都市消防救援支队,询价公告,询价公告
四川省自贡市消防救援支队2026年自贡市民生实事实施50个“三无”小区消防安全基础提升项目询价公告,https://www.ccgp.gov.cn/cggg/zygg/xjgg/./202608/t20260804_27064892.htm,2026-08-04 12:13,四川,自贡市消防救援支队,询价公告,询价公告
中华人民共和国茂名出入境边防检查站2026年度空调洗衣机等生活电器采购项目询价公告,https://www.ccgp.gov.cn/cggg/zygg/xjgg/./202608/t20260804_27064325.htm,2026-08-04 10:55,广东,中华人民共和国茂名出入境边防检查站,询价公告,询价公告
中华人民共和国茂名出入境边防检查站2026年度指挥信通设备采购项目询价公告,https://www.ccgp.gov.cn/cggg/zygg/xjgg/./202608/t20260804_27064317.htm,2026-08-04 10:55,广东,中华人民共和国茂名出入境边防检查站,询价公告,询价公告
SPD-29江西某单位网站改造采购项目询价公告,https://www.ccgp.gov.cn/cggg/zygg/xjgg/./202608/t20260804_27063344.htm,2026-08-04 09:15,江西,SPD-29,询价公告,询价公告
泰州市消防救援支队全媒体中心工作站采购项目（三次）询价公告,https://www.ccgp.gov.cn/cggg/zygg/xjgg/./202608/t20260803_27060929.htm,2026-08-03 17:34,江苏,泰州市消防救援支队,询价公告,询价公告
兰州出入境边防检查站T3航站楼边检业务用房电子围栏和广播系统建设项目询价公告,https://www.ccgp.gov.cn/cggg/zygg/xjgg/./202608/t20260803_27060152.htm,2026-08-03 17:01,甘肃,中华人民共和国兰州出入境边防检查站,询价公告,询价公告
酒泉边境管理支队执法执勤装备采购项目第二次询价公告,https://www.ccgp.gov.cn/cggg/zygg/xjgg/./202608/t20260803_27059328.htm,2026-08-03 16:26,甘肃,酒泉边境管理支队,询价公告,询价公告
临沧边境管理支队2026年基层文体器材采购项目（二次）询价公告,https://www.ccgp.gov.cn/cggg/zygg/xjgg/./202608/t20260803_27058676.htm,2026-08-03 15:49,云南,临沧边境管理支队（临沧市公安局边境管理支队）,询价公告,询价公告
SPD-29江西某单位平时考核系统采购项目询价公告,https://www.ccgp.gov.cn/cggg/zygg/xjgg/./202608/t20260803_27056009.htm,2026-08-03 09:28,江西,SPD-29,询价公告,询价公告
中国矿业报社计算机网络设备(询价）采购项目需求公告,https://www.ccgp.gov.cn/cggg/zygg/xjgg/./202607/t20260731_27045902.htm,2026-07-31 12:10,北京,中国矿业报社,项目需求公告,项目需求公告
朝阳区消防救援支队打印设备及配件（询价）采购项目需求公告,https://www.ccgp.gov.cn/cggg/zygg/xjgg/./202607/t20260731_27045901.htm,2026-07-31 12:10,北京,朝阳区消防救援支队,项目需求公告,项目需求公告
国际关系学院服务器（询价）采购项目需求公告,https://www.ccgp.gov.cn/cggg/zygg/xjgg/./202607/t20260731_27045900.htm,2026-07-31 12:10,北京,国际关系学院,项目需求公告,项目需求公告
江西省气象数据中心(江西省气象档案馆)计算机网络设备(询价）采购项目需求公告,https://www.ccgp.gov.cn/cggg/zygg/xjgg/./202607/t20260731_27045890.htm,2026-07-31 12:10,江西,江西省气象数据中心(江西省气象档案馆),项目需求公告,项目需求公告
国家法官学院(最高人民法院法官国际交流中心、最高人民法院司法案例研究院)视频会议系统及会议室音频系统（询价）采购项目需求公告,https://www.ccgp.gov.cn/cggg/zygg/xjgg/./202607/t20260731_27045888.htm,2026-07-31 12:10,北京,国家法官学院(最高人民法院法官国际交流中心、最高人民法院司法案例研究院),项目需求公告,项目需求公告
阿克苏边境管理支队计算机网络设备(询价）采购项目需求公告,https://www.ccgp.gov.cn/cggg/zygg/xjgg/./202607/t20260731_27045887.htm,2026-07-31 12:10,新疆,阿克苏边境管理支队,项目需求公告,项目需求公告
天津大学计算机网络设备(询价）采购项目需求公告,https://www.ccgp.gov.cn/cggg/zygg/xjgg/./202607/t20260731_27045849.htm,2026-07-31 12:05,天津,天津大学,项目需求公告,项目需求公告
中国水产科学研究院渔业工程研究所计算机网络设备(询价）采购项目需求公告,https://www.ccgp.gov.cn/cggg/zygg/xjgg/./202607/t20260731_27045863.htm,2026-07-31 12:05,北京,中国水产科学研究院渔业工程研究所,项目需求公告,项目需求公告
中国人民公安大学计算机网络设备(询价）采购项目需求公告,https://www.ccgp.gov.cn/cggg/zygg/xjgg/./202607/t20260731_27045848.htm,2026-07-31 12:05,北京,中国人民公安大学,项目需求公告,项目需求公告
国家金融监督管理总局白山监管分局视频会议系统及会议室音频系统（询价）采购项目需求公告,https://www.ccgp.gov.cn/cggg/zygg/xjgg/./202607/t20260731_27045869.htm,2026-07-31 12:05,吉林,国家金融监督管理总局白山监管分局,项目需求公告,项目需求公告
中国科学院大学服务器（询价）采购项目需求公告,https://www.ccgp.gov.cn/cggg/zygg/xjgg/./202607/t20260731_27045861.htm,2026-07-31 12:05,北京,中国科学院大学,项目需求公告,项目需求公告
朝阳区消防救援支队复印机及配件（询价）采购项目需求公告,https://www.ccgp.gov.cn/cggg/zygg/xjgg/./202607/t20260731_27045846.htm,2026-07-31 12:05,北京,朝阳区消防救援支队,项目需求公告,项目需求公告
甘肃省地震局(中国地震局兰州地震研究所)计算机网络设备(询价）采购项目需求公告,https://www.ccgp.gov.cn/cggg/zygg/xjgg/./202607/t20260731_27045867.htm,2026-07-31 12:05,甘肃,甘肃省地震局(中国地震局兰州地震研究所),项目需求公告,项目需求公告
重庆大学信息化办计算机网络设备(询价）采购项目需求公告,https://www.ccgp.gov.cn/cggg/zygg/xjgg/./202607/t20260731_27045859.htm,2026-07-31 12:05,重庆,重庆大学信息化办,项目需求公告,项目需求公告
中国农业科学院作物科学研究所计算机网络设备(询价）采购项目需求公告,https://www.ccgp.gov.cn/cggg/zygg/xjgg/./202607/t20260731_27045858.htm,2026-07-31 12:05,北京,中国农业科学院作物科学研究所,项目需求公告,项目需求公告
天津大学服务器（询价）采购项目需求公告,https://www.ccgp.gov.cn/cggg/zygg/xjgg/./202607/t20260731_27045857.htm,2026-07-31 12:05,天津,天津大学,项目需求公告,项目需求公告
中华人民共和国长春出入境边防检查站计算机网络设备(询价）采购项目需求公告,https://www.ccgp.gov.cn/cggg/zygg/xjgg/./202607/t20260731_27045845.htm,2026-07-31 12:05,吉林,中华人民共和国长春出入境边防检查站,项目需求公告,项目需求公告
中国水产科学研究院渔业工程研究所计算机网络设备(询价）采购项目需求公告,https://www.ccgp.gov.cn/cggg/zygg/xjgg/./202607/t20260731_27045840.htm,2026-07-31 12:05,北京,中国水产科学研究院渔业工程研究所,项目需求公告,项目需求公告
国家广播电视总局五五三台计算机网络设备(询价）采购项目需求公告,https://www.ccgp.gov.cn/cggg/zygg/xjgg/./202607/t20260731_27045833.htm,2026-07-31 12:05,上海,国家广播电视总局五五三台,项目需求公告,项目需求公告
自然资源部第四海洋研究所服务器（询价）采购项目需求公告,https://www.ccgp.gov.cn/cggg/zygg/xjgg/./202607/t20260731_27045782.htm,2026-07-31 12:00,广西,自然资源部第四海洋研究所,项目需求公告,项目需求公告
中国科学院大学服务器（询价）采购项目需求公告,https://www.ccgp.gov.cn/cggg/zygg/xjgg/./202607/t20260731_27045776.htm,2026-07-31 12:00,北京,中国科学院大学,项目需求公告,项目需求公告
复旦大学计算机网络设备(询价）采购项目需求公告,https://www.ccgp.gov.cn/cggg/zygg/xjgg/./202607/t20260731_27045779.htm,2026-07-31 12:00,上海,复旦大学,项目需求公告,项目需求公告
江南大学视频会议系统及会议室音频系统（询价）采购项目需求公告,https://www.ccgp.gov.cn/cggg/zygg/xjgg/./202607/t20260731_27045803.htm,2026-07-31 12:00,江苏,江南大学,项目需求公告,项目需求公告
中国科学院半导体研究所服务器（询价）采购项目需求公告,https://www.ccgp.gov.cn/cggg/zygg/xjgg/./202607/t20260731_27045791.htm,2026-07-31 12:00,北京,中国科学院半导体研究所,项目需求公告,项目需求公告
中国地质调查局武汉地质调查中心(中南地质科技创新中心)计算机网络设备(询价）采购项目需求公告,https://www.ccgp.gov.cn/cggg/zygg/xjgg/./202607/t20260731_27045790.htm,2026-07-31 12:00,湖北,中国地质调查局武汉地质调查中心(中南地质科技创新中心),项目需求公告,项目需求公告
中国科学院高能物理研究所服务器（询价）采购项目需求公告,https://www.ccgp.gov.cn/cggg/zygg/xjgg/./202607/t20260731_27045800.htm,2026-07-31 12:00,广东,中国科学院高能物理研究所,项目需求公告,项目需求公告
中华人民共和国长春出入境边防检查站视频会议系统及会议室音频系统（询价）采购项目需求公告,https://www.ccgp.gov.cn/cggg/zygg/xjgg/./202607/t20260731_27045788.htm,2026-07-31 12:00,吉林,中华人民共和国长春出入境边防检查站,项目需求公告,项目需求公告
自然资源部第二海洋研究所计算机网络设备(询价）采购项目需求公告,https://www.ccgp.gov.cn/cggg/zygg/xjgg/./202607/t20260731_27045799.htm,2026-07-31 12:00,浙江,自然资源部第二海洋研究所,项目需求公告,项目需求公告
新疆维吾尔自治区气象信息中心(新疆维吾尔自治区气象档案馆)计算机网络设备(询价）采购项目需求公告,https://www.ccgp.gov.cn/cggg/zygg/xjgg/./202607/t20260731_27045786.htm,2026-07-31 12:00,新疆,新疆维吾尔自治区气象信息中心(新疆维吾尔自治区气象档案馆),项目需求公告,项目需求公告
中央财经大学计算机网络设备(询价）采购项目需求公告,https://www.ccgp.gov.cn/cggg/zygg/xjgg/./202607/t20260731_27045798.htm,2026-07-31 12:00,北京,中央财经大学,项目需求公告,项目需求公告
中华人民共和国靖江出入境边防检查站计算机网络设备(询价）采购项目需求公告,https://www.ccgp.gov.cn/cggg/zygg/xjgg/./202607/t20260731_27045757.htm,2026-07-31 11:55,江苏,中华人民共和国靖江出入境边防检查站,项目需求公告,项目需求公告
山东大学计算机网络设备(询价）采购项目需求公告,https://www.ccgp.gov.cn/cggg/zygg/xjgg/./202607/t20260731_27045742.htm,2026-07-31 11:55,山东,山东大学,项目需求公告,项目需求公告
太原铁路公安局视频会议系统及会议室音频系统（询价）采购项目需求公告,https://www.ccgp.gov.cn/cggg/zygg/xjgg/./202607/t20260731_27045729.htm,2026-07-31 11:55,山西,太原铁路公安局,项目需求公告,项目需求公告
装备购置项目询价公告,https://www.ccgp.gov.cn/cggg/zygg/xjgg/./202607/t20260731_27045882.htm,2026-07-31 11:44,北京,SPD-01,询价公告,询价公告
临沧边境管理支队2026年毒品检测试剂采购项目（二次）询价公告,https://www.ccgp.gov.cn/cggg/zygg/xjgg/./202607/t20260730_27042818.htm,2026-07-30 19:03,云南,临沧边境管理支队（临沧市公安局边境管理支队）,询价公告,询价公告
红河边境管理支队2026年业务技术用房家电采购项目（五次）询价公告,https://www.ccgp.gov.cn/cggg/zygg/xjgg/./202607/t20260730_27042793.htm,2026-07-30 18:59,云南,红河边境管理支队（红河州公安局边境管理支队）,询价公告,询价公告
海西蒙古族藏族自治州消防救援支队盐桥南路特勤站锅炉更换及锅炉配套附属设施采购项目（二次）询价公告,https://www.ccgp.gov.cn/cggg/zygg/xjgg/./202607/t20260730_27041702.htm,2026-07-30 17:43,青海,海西蒙古族藏族自治州消防救援支队,询价公告,询价公告
江西省国投招标代理有限公司关于江西省消防救援总队特勤支队机关干部备勤室及消防救援站宿舍家具采购项目（项目编号：JXGT2026092）询价公告,https://www.ccgp.gov.cn/cggg/zygg/xjgg/./202607/t20260730_27041239.htm,2026-07-30 17:23,江西,江西省消防救援总队特勤支队,询价公告,询价公告
青岛市消防救援支队搜救犬站2026年度犬粮保障项目（三次）询价公告,https://www.ccgp.gov.cn/cggg/zygg/xjgg/./202607/t20260730_27040267.htm,2026-07-30 16:48,山东,青岛市消防救援支队,询价公告,询价公告
2026年公安部道路交通安全研究中心服务器采购项目询价公告,https://www.ccgp.gov.cn/cggg/zygg/xjgg/./202607/t20260730_27039204.htm,2026-07-30 15:55,北京,公安部道路交通安全研究中心,询价公告,询价公告
中国测绘科学研究院移动工作站询价公告,https://www.ccgp.gov.cn/cggg/zygg/xjgg/./202607/t20260730_27038581.htm,2026-07-30 15:29,北京,中国测绘科学研究院,询价公告,询价公告
SPD-12西藏某单位2026-2027年度办公用品采购项目询价公告,https://www.ccgp.gov.cn/cggg/zygg/xjgg/./202607/t20260730_27037297.htm,2026-07-30 12:22,西藏,SPD-12,询价公告,询价公告
公安部道路交通安全研究中心2026年度警服采购项目询价公告,https://www.ccgp.gov.cn/cggg/zygg/xjgg/./202607/t20260730_27037315.htm,2026-07-30 12:20,北京,公安部道路交通安全研究中心,询价公告,询价公告
SPD-12西藏某单位2026年度绿化服务及绿植采购项目询价公告,https://www.ccgp.gov.cn/cggg/zygg/xjgg/./202607/t20260730_27037201.htm,2026-07-30 12:07,西藏,SPD-12,询价公告,询价公告
安徽省某单位公务用车租凭服务采购项目询价公告,https://www.ccgp.gov.cn/cggg/zygg/xjgg/./202607/t20260730_27035469.htm,2026-07-30 09:00,安徽,SPD-23,询价公告,询价公告
中国人民银行吐鲁番市分行办公电子耗材采购项目询价公告,https://www.ccgp.gov.cn/cggg/zygg/xjgg/./202607/t20260729_27034683.htm,2026-07-29 21:10,新疆,中国人民银行吐鲁番市分行,询价公告,询价公告
厦门市公安局人民警察训练中心被装采购项目Ⅱ询价公告,https://www.ccgp.gov.cn/cggg/zygg/xjgg/./202607/t20260729_27033959.htm,2026-07-29 18:50,福建,厦门市公安局人民警察训练中心,询价公告,询价公告
SPD-12计算机终端检查系统及存储介质信息消除系统询价公告,https://www.ccgp.gov.cn/cggg/zygg/xjgg/./202607/t20260729_27032269.htm,2026-07-29 17:14,西藏,SPD-12,询价公告,询价公告
国家统计局海南调查总队海南调查总队遥感统计省级工作站建设项目可行性研究报告编制服务询价公告,https://www.ccgp.gov.cn/cggg/zygg/xjgg/./202607/t20260729_27029385.htm,2026-07-29 15:02,海南,国家统计局海南调查总队,询价公告,询价公告
中华人民共和国烟台出入境边防检查站UPS主机及电源采购询价公告（第二次）,https://www.ccgp.gov.cn/cggg/zygg/xjgg/./202607/t20260728_27023684.htm,2026-07-28 17:31,山东,中华人民共和国烟台出入境边防检查站,采购询价公告,询价公告
某单位交通研究所服务器（询价）采购项目需求公告,https://www.ccgp.gov.cn/cggg/zygg/xjgg/./202607/t20260727_27016046.htm,2026-07-27 18:30,江苏,某单位交通研究所,项目需求公告,项目需求公告
自然资源部第四航测遥感院计算机网络设备(询价）采购项目需求公告,https://www.ccgp.gov.cn/cggg/zygg/xjgg/./202607/t20260727_27016045.htm,2026-07-27 18:30,海南,自然资源部第四航测遥感院,项目需求公告,项目需求公告
中国极地研究中心（中国极地研究所）服务器（询价）采购项目需求公告,https://www.ccgp.gov.cn/cggg/zygg/xjgg/./202607/t20260727_27016044.htm,2026-07-27 18:30,上海,中国极地研究中心（中国极地研究所）,项目需求公告,项目需求公告
中华人民共和国集安出入境边防检查站视频会议系统及会议室音频系统（询价）采购项目需求公告,https://www.ccgp.gov.cn/cggg/zygg/xjgg/./202607/t20260727_27016043.htm,2026-07-27 18:30,吉林,中华人民共和国集安出入境边防检查站,项目需求公告,项目需求公告
中国极地研究中心（中国极地研究所）计算机网络设备(询价）采购项目需求公告,https://www.ccgp.gov.cn/cggg/zygg/xjgg/./202607/t20260727_27016042.htm,2026-07-27 18:30,上海,中国极地研究中心（中国极地研究所）,项目需求公告,项目需求公告
外交学院(中国外交培训学院)视频会议系统及会议室音频系统（询价）采购项目需求公告,https://www.ccgp.gov.cn/cggg/zygg/xjgg/./202607/t20260727_27016041.htm,2026-07-27 18:30,北京,外交学院(中国外交培训学院),项目需求公告,项目需求公告
中国教育电视台计算机网络设备(询价）采购项目需求公告,https://www.ccgp.gov.cn/cggg/zygg/xjgg/./202607/t20260727_27016040.htm,2026-07-27 18:30,北京,中国教育电视台,项目需求公告,项目需求公告
中华人民共和国石岛出入境边防检查站视频会议系统及会议室音频系统（询价）采购项目需求公告,https://www.ccgp.gov.cn/cggg/zygg/xjgg/./202607/t20260727_27016039.htm,2026-07-27 18:30,山东,中华人民共和国石岛出入境边防检查站,项目需求公告,项目需求公告
和田边境管理支队(和田地区公安局边境管理支队)视频会议系统及会议室音频系统（询价）采购项目需求公告,https://www.ccgp.gov.cn/cggg/zygg/xjgg/./202607/t20260727_27016038.htm,2026-07-27 18:30,新疆,和田边境管理支队(和田地区公安局边境管理支队),项目需求公告,项目需求公告
中华全国商业信息中心计算机网络设备(询价）采购项目需求公告,https://www.ccgp.gov.cn/cggg/zygg/xjgg/./202607/t20260727_27016037.htm,2026-07-27 18:30,北京,中华全国商业信息中心,项目需求公告,项目需求公告
安徽省某单位资产清查盘点服务采购项目询价公告,https://www.ccgp.gov.cn/cggg/zygg/xjgg/./202607/t20260727_27014357.htm,2026-07-27 17:07,安徽,SPD-23,询价公告,询价公告
SPD-29江西某单位基地家电采购项目询价公告,https://www.ccgp.gov.cn/cggg/zygg/xjgg/./202607/t20260727_27013451.htm,2026-07-27 15:56,江西,SPD-29,询价公告,询价公告
中国测绘科学研究院图形工作站询价公告,https://www.ccgp.gov.cn/cggg/zygg/xjgg/./202607/t20260727_27012620.htm,2026-07-27 15:44,北京,中国测绘科学研究院,询价公告,询价公告
中国林业科学研究院沙漠林业实验中心光合牧草集装箱系统设备采购项目询价公告,https://www.ccgp.gov.cn/cggg/zygg/xjgg/./202607/t20260727_27010806.htm,2026-07-27 11:40,内蒙古,中国林业科学研究院沙漠林业实验中心,询价公告,询价公告
深圳市龙华区消防救援大队计算机网络设备(询价）采购项目需求公告,https://www.ccgp.gov.cn/cggg/zygg/xjgg/./202607/t20260727_27010459.htm,2026-07-27 10:55,广东,深圳市龙华区消防救援大队,项目需求公告,项目需求公告
重庆大学虎溪第五期学生公寓计算机网络设备(询价）采购项目需求公告,https://www.ccgp.gov.cn/cggg/zygg/xjgg/./202607/t20260727_27010474.htm,2026-07-27 10:55,重庆,重庆大学虎溪第五期学生公寓,项目需求公告,项目需求公告
自然资源部第二海洋研究所服务器（询价）采购项目需求公告,https://www.ccgp.gov.cn/cggg/zygg/xjgg/./202607/t20260727_27010458.htm,2026-07-27 10:55,浙江,自然资源部第二海洋研究所,项目需求公告,项目需求公告
北京化工大学计算机网络设备(询价）采购项目需求公告,https://www.ccgp.gov.cn/cggg/zygg/xjgg/./202607/t20260727_27010457.htm,2026-07-27 10:55,北京,北京化工大学,项目需求公告,项目需求公告
中国人民银行新疆维吾尔自治区分行(国家外汇管理局新疆维吾尔自治区分局、中国人民银行新疆维吾尔自治区分行营业管理部)计算机网络设备(询价）采购项目需求公告,https://www.ccgp.gov.cn/cggg/zygg/xjgg/./202607/t20260727_27010433.htm,2026-07-27 10:55,新疆,中国人民银行新疆维吾尔自治区分行(国家外汇管理局新疆维吾尔自治区分局、中国人民银行新疆维吾尔自治区分行营业管理部),项目需求公告,项目需求公告
厦门稀土材料研究所计算机网络设备(询价）采购项目需求公告,https://www.ccgp.gov.cn/cggg/zygg/xjgg/./202607/t20260727_27010440.htm,2026-07-27 10:55,福建,厦门稀土材料研究所,项目需求公告,项目需求公告
国家移民管理局常备力量第一总队视频会议系统及会议室音频系统（询价）采购项目需求公告,https://www.ccgp.gov.cn/cggg/zygg/xjgg/./202607/t20260727_27010408.htm,2026-07-27 10:50,北京,国家移民管理局常备力量第一总队,项目需求公告,项目需求公告
四川大学信息化建设与管理办公室计算机网络设备(询价）采购项目需求公告,https://www.ccgp.gov.cn/cggg/zygg/xjgg/./202607/t20260727_27010407.htm,2026-07-27 10:50,四川,四川大学信息化建设与管理办公室,项目需求公告,项目需求公告
新华通讯社河南分社计算机网络设备(询价）采购项目需求公告,https://www.ccgp.gov.cn/cggg/zygg/xjgg/./202607/t20260727_27010406.htm,2026-07-27 10:50,河南,新华通讯社河南分社,项目需求公告,项目需求公告
中央民族大学服务器（询价）采购项目需求公告,https://www.ccgp.gov.cn/cggg/zygg/xjgg/./202607/t20260727_27010395.htm,2026-07-27 10:50,北京,中央民族大学,项目需求公告,项目需求公告
中国科学院空间应用工程与技术中心多功能一体机及配件（询价）采购项目需求公告,https://www.ccgp.gov.cn/cggg/zygg/xjgg/./202607/t20260727_27010375.htm,2026-07-27 10:45,北京,中国科学院空间应用工程与技术中心,项目需求公告,项目需求公告
北京化工大学计算机网络设备(询价）采购项目需求公告,https://www.ccgp.gov.cn/cggg/zygg/xjgg/./202607/t20260727_27010376.htm,2026-07-27 10:45,北京,北京化工大学,项目需求公告,项目需求公告
某单位1服务器（询价）采购项目需求公告,https://www.ccgp.gov.cn/cggg/zygg/xjgg/./202607/t20260727_27010364.htm,2026-07-27 10:45,上海,某单位1,项目需求公告,项目需求公告
中华人民共和国沈阳出入境边防检查站服务器（询价）采购项目需求公告,https://www.ccgp.gov.cn/cggg/zygg/xjgg/./202607/t20260727_27010362.htm,2026-07-27 10:45,辽宁,中华人民共和国沈阳出入境边防检查站,项目需求公告,项目需求公告
交通运输部南海航海保障中心广州海事测绘中心计算机网络设备(询价）采购项目需求公告,https://www.ccgp.gov.cn/cggg/zygg/xjgg/./202607/t20260727_27010327.htm,2026-07-27 10:45,广东,交通运输部南海航海保障中心广州海事测绘中心,项目需求公告,项目需求公告
杭州市消防救援支队服务器（询价）采购项目需求公告,https://www.ccgp.gov.cn/cggg/zygg/xjgg/./202607/t20260727_27010304.htm,2026-07-27 10:40,浙江,杭州市消防救援支队,项目需求公告,项目需求公告
塔城边境管理支队服务器（询价）采购项目需求公告,https://www.ccgp.gov.cn/cggg/zygg/xjgg/./202607/t20260727_27010293.htm,2026-07-27 10:40,新疆,塔城边境管理支队,项目需求公告,项目需求公告
甘肃国际旅行卫生保健中心(兰州海关口岸门诊部)打印设备及配件（询价）采购项目需求公告,https://www.ccgp.gov.cn/cggg/zygg/xjgg/./202607/t20260727_27010303.htm,2026-07-27 10:40,甘肃,甘肃国际旅行卫生保健中心(兰州海关口岸门诊部),项目需求公告,项目需求公告
中国民用航空西南地区空中交通管理局贵州分局计算机网络设备(询价）采购项目需求公告,https://www.ccgp.gov.cn/cggg/zygg/xjgg/./202607/t20260727_27010302.htm,2026-07-27 10:40,贵州,中国民用航空西南地区空中交通管理局贵州分局,项目需求公告,项目需求公告
中南大学湘雅二医院视频会议系统及会议室音频系统视频会议系统及会议室音频系统（询价）采购项目需求公告,https://www.ccgp.gov.cn/cggg/zygg/xjgg/./202607/t20260727_27010299.htm,2026-07-27 10:40,湖南,中南大学湘雅二医院视频会议系统及会议室音频系统,项目需求公告,项目需求公告
国家广播电视总局五五三台计算机网络设备(询价）采购项目需求公告,https://www.ccgp.gov.cn/cggg/zygg/xjgg/./202607/t20260727_27010298.htm,2026-07-27 10:40,上海,国家广播电视总局五五三台,项目需求公告,项目需求公告
SPD江苏视频会议系统及会议室音频系统（询价）采购项目需求公告,https://www.ccgp.gov.cn/cggg/zygg/xjgg/./202607/t20260727_27010265.htm,2026-07-27 10:35,江苏,SPD江苏,项目需求公告,项目需求公告
中华人民共和国海口出入境边防检查总站计算机网络设备(询价）采购项目需求公告,https://www.ccgp.gov.cn/cggg/zygg/xjgg/./202607/t20260727_27010250.htm,2026-07-27 10:35,海南,中华人民共和国海口出入境边防检查总站,项目需求公告,项目需求公告
国家心血管病中心服务器（询价）采购项目需求公告,https://www.ccgp.gov.cn/cggg/zygg/xjgg/./202607/t20260727_27010249.htm,2026-07-27 10:35,北京,国家心血管病中心,项目需求公告,项目需求公告
中国自然资源航空物探遥感中心计算机网络设备(询价）采购项目需求公告,https://www.ccgp.gov.cn/cggg/zygg/xjgg/./202607/t20260727_27010247.htm,2026-07-27 10:35,北京,中国自然资源航空物探遥感中心,项目需求公告,项目需求公告
中央司法警官学院视频会议系统及会议室音频系统（询价）采购项目需求公告,https://www.ccgp.gov.cn/cggg/zygg/xjgg/./202607/t20260727_27010234.htm,2026-07-27 10:35,河北,中央司法警官学院,项目需求公告,项目需求公告
江西省永晋招标咨询有限公司关于江西省南昌市西湖区消防救援大队2026年家具采购项目（项目编号：JXYJ2026-F0044）询价公告,https://www.ccgp.gov.cn/cggg/zygg/xjgg/./202607/t20260727_27009916.htm,2026-07-27 10:01,江西,南昌市西湖区消防救援大队,询价公告,询价公告
红河边境管理支队2026年业务技术用房家电采购项目（四次）询价公告,https://www.ccgp.gov.cn/cggg/zygg/xjgg/./202607/t20260726_27009375.htm,2026-07-26 18:04,云南,红河边境管理支队（红河州公安局边境管理支队）,询价公告,询价公告
久治县第二消防站综合救援能力提升项目设备购置询价公告,https://www.ccgp.gov.cn/cggg/zygg/xjgg/./202607/t20260724_27001482.htm,2026-07-24 15:34,青海,果洛藏族自治州消防救援支队,询价公告,询价公告
中华人民共和国上海机场出入境边防检查站床垫及床上用品询价公告,https://www.ccgp.gov.cn/cggg/zygg/xjgg/./202607/t20260724_27001352.htm,2026-07-24 15:28,上海,中华人民共和国上海机场出入境边防检查站,询价公告,询价公告
黄山市屯溪区消防救援大队健身器材采购项目询价公告,https://www.ccgp.gov.cn/cggg/zygg/xjgg/./202607/t20260724_27000919.htm,2026-07-24 15:07,安徽,黄山市屯溪区消防救援大队,询价公告,询价公告
中国地质调查局自然资源综合调查指挥中心一体化单屏会议电视终端采购项目询价公告,https://www.ccgp.gov.cn/cggg/zygg/xjgg/./202607/t20260724_26998104.htm,2026-07-24 09:29,北京,中国地质调查局自然资源综合调查指挥中心,询价公告,询价公告
酒泉边境管理支队执法执勤装备采购项目询价公告,https://www.ccgp.gov.cn/cggg/zygg/xjgg/./202607/t20260723_26995251.htm,2026-07-23 17:39,甘肃,酒泉边境管理支队,询价公告,询价公告
广西至胜招标有限公司关于浦北县消防科普馆项目(QZZC2026-X1-60011-ZSZB)询价公告,https://www.ccgp.gov.cn/cggg/zygg/xjgg/./202607/t20260723_26993313.htm,2026-07-23 16:24,广西,浦北县消防救援大队,询价公告,询价公告
中华人民共和国黄岛出入境边防检查站信息化耗材采购项目询价公告,https://www.ccgp.gov.cn/cggg/zygg/xjgg/./202607/t20260722_26987488.htm,2026-07-22 18:36,山东,中华人民共和国黄岛出入境边防检查站,询价公告,询价公告
临沧边境管理支队2026年基层文体器材采购项目询价公告,https://www.ccgp.gov.cn/cggg/zygg/xjgg/./202607/t20260722_26987367.htm,2026-07-22 18:24,云南,临沧边境管理支队（临沧市公安局边境管理支队）,询价公告,询价公告
中华人民共和国烟台出入境边防检查站UPS主机及电源采购询价公告,https://www.ccgp.gov.cn/cggg/zygg/xjgg/./202607/t20260722_26986243.htm,2026-07-22 17:29,山东,中华人民共和国烟台出入境边防检查站,询价公告,询价公告
中国疾病预防控制中心环境与健康相关产品安全所二维码整版扫描仪采购项目询价公告,https://www.ccgp.gov.cn/cggg/zygg/xjgg/./202607/t20260722_26982234.htm,2026-07-22 12:42,北京,中国疾病预防控制中心环境与健康相关产品安全所,询价公告,询价公告
南京警察学院2026级新生生活用品采购项目Ⅱ 询价公告,https://www.ccgp.gov.cn/cggg/zygg/xjgg/./202607/t20260721_26979525.htm,2026-07-21 22:15,江苏,南京警察学院,询价公告,询价公告
中国人民银行深圳市分行采购微机视频信息保护系统（重新招标）（包2-光纤网卡）询价公告,https://www.ccgp.gov.cn/cggg/zygg/xjgg/./202607/t20260721_26978321.htm,2026-07-21 18:14,广东,中国人民银行深圳市分行,询价公告,询价公告
四川大学信息化建设与管理办公室视频会议系统及会议室音频系统（询价）采购项目需求公告,https://www.ccgp.gov.cn/cggg/zygg/xjgg/./202607/t20260721_26978065.htm,2026-07-21 17:55,四川,四川大学信息化建设与管理办公室,项目需求公告,项目需求公告
